date,hour,campaign_name,daily_budget,impressions,clicks,spend,orders,revenue,ctr,cvr,cpc,acos,roas
10/21/25,0,Campaign_A,20,860,8,7.57,0,0,0.0093,0,0.95,,0
10/21/25,0,Campaign_B,25,1482,39,20.3,6,145.48,0.0263,0.1538,0.52,0.14,7.167
10/21/25,0,Campaign_C,15,1215,36,18.25,0,0,0.0296,0,0.51,,0
10/21/25,0,Campaign_D,10,474,0,0,0,0,0,0,0,,
10/21/25,0,Campaign_E,20,975,0,0,0,0,0,0,0,,
10/21/25,0,Campaign_F,25,0,33,36.55,0,0,0,0,1.11,,0
10/21/25,0,Campaign_G,5,2214,11,9.74,0,0,0.005,0,0.89,,0
10/21/25,0,Campaign_H,10,1363,15,20,0,0,0.011,0,1.33,,0
10/21/25,0,Campaign_I,10,1955,18,12.74,0,0,0.0092,0,0.71,,0
10/21/25,0,Campaign_J,10,1579,44,62.56,0,0,0.0279,0,1.42,,0
10/21/25,1,Campaign_A,20,1275,7,5.4,0,0,0.0055,0,0.77,,0
10/21/25,1,Campaign_B,25,379,4,2.06,0,0,0.0106,0,0.52,,0
10/21/25,1,Campaign_C,15,1162,11,12.17,1,38.3,0.0095,0.0909,1.11,0.318,3.147
10/21/25,1,Campaign_D,10,200,4,3.24,0,0,0.02,0,0.81,,0
10/21/25,1,Campaign_E,20,1570,0,0,0,0,0,0,0,,
10/21/25,1,Campaign_F,25,1028,19,19.43,0,0,0.0185,0,1.02,,0
10/21/25,1,Campaign_G,5,863,18,25.34,1,35.11,0.0209,0.0556,1.41,0.722,1.386
10/21/25,1,Campaign_H,10,1059,30,41.41,2,44.22,0.0283,0.0667,1.38,0.936,1.068
10/21/25,1,Campaign_I,10,795,19,19.75,3,79.08,0.0239,0.1579,1.04,0.25,4.004
10/21/25,1,Campaign_J,10,1408,15,20.41,0,0,0.0107,0,1.36,,0
10/21/25,2,Campaign_A,20,1479,27,20.77,1,24.38,0.0183,0.037,0.77,0.852,1.174
10/21/25,2,Campaign_B,25,1495,33,48.26,3,78.05,0.0221,0.0909,1.46,0.618,1.617
10/21/25,2,Campaign_C,15,698,14,10.9,0,0,0.0201,0,0.78,,0
10/21/25,2,Campaign_D,10,1707,27,15.68,1,36.06,0.0158,0.037,0.58,0.435,2.3
10/21/25,2,Campaign_E,20,197,2,1.3,0,0,0.0102,0,0.65,,0
10/21/25,2,Campaign_F,25,1955,10,11.45,0,0,0.0051,0,1.15,,0
10/21/25,2,Campaign_G,5,1959,28,23.55,0,0,0.0143,0,0.84,,0
10/21/25,2,Campaign_H,10,2198,40,27,4,100.87,0.0182,0.1,0.67,0.268,3.736
10/21/25,2,Campaign_I,10,1327,38,26.17,5,184.67,0.0286,0.1316,0.69,0.142,7.057
10/21/25,2,Campaign_J,10,403,10,5.84,0,0,0.0248,0,0.58,,0
10/21/25,3,Campaign_A,20,1445,31,44.64,2,52.21,0.0215,0.0645,1.44,0.855,1.17
10/21/25,3,Campaign_B,25,956,10,8.25,1,36.98,0.0105,0.1,0.83,0.223,4.482
10/21/25,3,Campaign_C,15,400,5,5.68,0,0,0.0125,0,1.14,,0
10/21/25,3,Campaign_D,10,562,15,15.04,1,23.9,0.0267,0.0667,1,0.629,1.589
10/21/25,3,Campaign_E,20,815,0,0,0,0,0,0,0,,
10/21/25,3,Campaign_F,25,16,0,0,0,0,0,0,0,,
10/21/25,3,Campaign_G,5,2146,50,52.64,8,172.06,0.0233,0.16,1.05,0.306,3.269
10/21/25,3,Campaign_H,10,2300,33,22.09,5,169.6,0.0143,0.1515,0.67,0.13,7.678
10/21/25,3,Campaign_I,10,1895,12,10.3,0,0,0.0063,0,0.86,,0
10/21/25,3,Campaign_J,10,245,3,3.93,0,0,0.0122,0,1.31,,0
10/21/25,4,Campaign_A,20,35,0,0,0,0,0,0,0,,
10/21/25,4,Campaign_B,25,0,2,2.16,0,0,0,0,1.08,,0
10/21/25,4,Campaign_C,15,574,16,12,0,0,0.0279,0,0.75,,0
10/21/25,4,Campaign_D,10,1077,19,14.66,1,36.84,0.0176,0.0526,0.77,0.398,2.513
10/21/25,4,Campaign_E,20,991,18,22.07,1,26.46,0.0182,0.0556,1.23,0.834,1.199
10/21/25,4,Campaign_F,25,656,9,6.76,0,0,0.0137,0,0.75,,0
10/21/25,4,Campaign_G,5,1853,47,31.64,0,0,0.0254,0,0.67,,0
10/21/25,4,Campaign_H,10,1119,20,15.6,2,62.17,0.0179,0.1,0.78,0.251,3.985
10/21/25,4,Campaign_I,10,2294,14,8.68,0,0,0.0061,0,0.62,,0
10/21/25,4,Campaign_J,10,2141,56,33.48,5,117.32,0.0262,0.0893,0.6,0.285,3.504
10/21/25,5,Campaign_A,20,1757,0,0,0,0,0,0,0,,
10/21/25,5,Campaign_B,25,2489,43,47.98,7,261.41,0.0173,0.1628,1.12,0.184,5.448
10/21/25,5,Campaign_C,15,2207,62,70.88,6,232.98,0.0281,0.0968,1.14,0.304,3.287
10/21/25,5,Campaign_D,10,1440,30,21.44,1,32.37,0.0208,0.0333,0.71,0.662,1.51
10/21/25,5,Campaign_E,20,0,1,1.31,0,0,0,0,1.31,,0
10/21/25,5,Campaign_F,25,1516,0,0,0,0,0,0,0,,
10/21/25,5,Campaign_G,5,675,6,8.94,0,0,0.0089,0,1.49,,0
10/21/25,5,Campaign_H,10,1687,45,53.09,2,55.11,0.0267,0.0444,1.18,0.963,1.038
10/21/25,5,Campaign_I,10,2109,36,21.6,0,0,0.0171,0,0.6,,0
10/21/25,5,Campaign_J,10,2492,0,0,0,0,0,0,0,,
10/21/25,6,Campaign_A,20,717,15,8.75,0,0,0.0209,0,0.58,,0
10/21/25,6,Campaign_B,25,395,5,6.46,0,0,0.0127,0,1.29,,0
10/21/25,6,Campaign_C,15,2445,45,38.29,0,0,0.0184,0,0.85,,0
10/21/25,6,Campaign_D,10,953,0,0,0,0,0,0,0,,
10/21/25,6,Campaign_E,20,1676,17,10.99,1,31.63,0.0101,0.0588,0.65,0.347,2.878
10/21/25,6,Campaign_F,25,1388,19,28.23,1,21.67,0.0137,0.0526,1.49,1.303,0.768
10/21/25,6,Campaign_G,5,2492,36,29.89,2,56.21,0.0144,0.0556,0.83,0.532,1.881
10/21/25,6,Campaign_H,10,1081,25,31.11,1,28,0.0231,0.04,1.24,1.111,0.9
10/21/25,6,Campaign_I,10,1531,18,26.34,0,0,0.0118,0,1.46,,0
10/21/25,6,Campaign_J,10,2220,13,19.41,0,0,0.0059,0,1.49,,0
10/21/25,7,Campaign_A,20,1250,0,0,0,0,0,0,0,,
10/21/25,7,Campaign_B,25,1549,19,16.8,3,117.52,0.0123,0.1579,0.88,0.143,6.995
10/21/25,7,Campaign_C,15,967,0,0,0,0,0,0,0,,
10/21/25,7,Campaign_D,10,1145,11,11.92,0,0,0.0096,0,1.08,,0
10/21/25,7,Campaign_E,20,0,0,0,0,0,0,0,0,,
10/21/25,7,Campaign_F,25,1224,15,9.94,2,77.99,0.0123,0.1333,0.66,0.127,7.846
10/21/25,7,Campaign_G,5,255,4,5.51,0,0,0.0157,0,1.38,,0
10/21/25,7,Campaign_H,10,373,9,9.85,1,36.84,0.0241,0.1111,1.09,0.267,3.74
10/21/25,7,Campaign_I,10,1484,0,0,0,0,0,0,0,,
10/21/25,7,Campaign_J,10,404,2,3,0,0,0.005,0,1.5,,0
10/21/25,8,Campaign_A,20,713,18,11.32,2,49.15,0.0252,0.1111,0.63,0.23,4.342
10/21/25,8,Campaign_B,25,880,0,0,0,0,0,0,0,,
10/21/25,8,Campaign_C,15,1574,34,34.69,3,93.66,0.0216,0.0882,1.02,0.37,2.7
10/21/25,8,Campaign_D,10,0,0,0,0,0,0,0,0,,
10/21/25,8,Campaign_E,20,1252,25,15.91,0,0,0.02,0,0.64,,0
10/21/25,8,Campaign_F,25,1329,26,36.51,2,71.35,0.0196,0.0769,1.4,0.512,1.954
10/21/25,8,Campaign_G,5,1019,12,15.56,1,35.38,0.0118,0.0833,1.3,0.44,2.274
10/21/25,8,Campaign_H,10,1875,30,24.86,1,21.52,0.016,0.0333,0.83,1.155,0.866
10/21/25,8,Campaign_I,10,760,12,14.37,0,0,0.0158,0,1.2,,0
10/21/25,8,Campaign_J,10,1719,26,38.3,1,36.44,0.0151,0.0385,1.47,1.051,0.951
10/21/25,9,Campaign_A,20,1489,17,10.55,1,27.29,0.0114,0.0588,0.62,0.387,2.587
10/21/25,9,Campaign_B,25,1101,14,13.74,1,23.14,0.0127,0.0714,0.98,0.594,1.684
10/21/25,9,Campaign_C,15,47,0,0,0,0,0,0,0,,
10/21/25,9,Campaign_D,10,624,12,17.09,1,30.63,0.0192,0.0833,1.42,0.558,1.792
10/21/25,9,Campaign_E,20,364,0,0,0,0,0,0,0,,
10/21/25,9,Campaign_F,25,1026,28,17,3,74.55,0.0273,0.1071,0.61,0.228,4.385
10/21/25,9,Campaign_G,5,1654,0,0,0,0,0,0,0,,
10/21/25,9,Campaign_H,10,1254,9,7.59,0,0,0.0072,0,0.84,,0
10/21/25,9,Campaign_I,10,1169,8,9.96,0,0,0.0068,0,1.25,,0
10/21/25,9,Campaign_J,10,1541,42,41.93,7,141.05,0.0273,0.1667,1,0.297,3.364
10/21/25,10,Campaign_A,20,2324,20,13.73,1,37.94,0.0086,0.05,0.69,0.362,2.763
10/21/25,10,Campaign_B,25,758,0,0,0,0,0,0,0,,
10/21/25,10,Campaign_C,15,919,7,9.56,0,0,0.0076,0,1.37,,0
10/21/25,10,Campaign_D,10,946,24,23.44,1,39.36,0.0254,0.0417,0.98,0.596,1.679
10/21/25,10,Campaign_E,20,1810,18,21.73,0,0,0.0099,0,1.21,,0
10/21/25,10,Campaign_F,25,2026,40,41.94,2,67.38,0.0197,0.05,1.05,0.622,1.607
10/21/25,10,Campaign_G,5,1619,18,19.72,1,26.98,0.0111,0.0556,1.1,0.731,1.368
10/21/25,10,Campaign_H,10,1604,41,50.47,2,42.66,0.0256,0.0488,1.23,1.183,0.845
10/21/25,10,Campaign_I,10,1319,0,0,0,0,0,0,0,,
10/21/25,10,Campaign_J,10,872,20,13.73,2,76.31,0.0229,0.1,0.69,0.18,5.558
10/21/25,11,Campaign_A,20,600,16,15.03,1,26.03,0.0267,0.0625,0.94,0.577,1.732
10/21/25,11,Campaign_B,25,1046,16,14.26,0,0,0.0153,0,0.89,,0
10/21/25,11,Campaign_C,15,1970,31,37.01,0,0,0.0157,0,1.19,,0
10/21/25,11,Campaign_D,10,1646,33,42.52,0,0,0.02,0,1.29,,0
10/21/25,11,Campaign_E,20,1120,25,17.61,2,70.19,0.0223,0.08,0.7,0.251,3.986
10/21/25,11,Campaign_F,25,1141,0,0,0,0,0,0,0,,
10/21/25,11,Campaign_G,5,2263,45,44.39,6,121.46,0.0199,0.1333,0.99,0.365,2.736
10/21/25,11,Campaign_H,10,1955,36,24.54,4,112.07,0.0184,0.1111,0.68,0.219,4.567
10/21/25,11,Campaign_I,10,814,9,5.75,0,0,0.0111,0,0.64,,0
10/21/25,11,Campaign_J,10,1639,43,51.46,5,115.25,0.0262,0.1163,1.2,0.447,2.24
10/21/25,12,Campaign_A,20,603,0,0,0,0,0,0,0,,
10/21/25,12,Campaign_B,25,1430,11,7.55,0,0,0.0077,0,0.69,,0
10/21/25,12,Campaign_C,15,2418,47,39.25,1,26.67,0.0194,0.0213,0.84,1.472,0.679
10/21/25,12,Campaign_D,10,574,8,7.73,1,31.74,0.0139,0.125,0.97,0.244,4.106
10/21/25,12,Campaign_E,20,954,0,0,0,0,0,0,0,,
10/21/25,12,Campaign_F,25,1990,0,0,0,0,0,0,0,,
10/21/25,12,Campaign_G,5,0,5,5.82,0,0,0,0,1.16,,0
10/21/25,12,Campaign_H,10,1107,18,18.63,0,0,0.0163,0,1.04,,0
10/21/25,12,Campaign_I,10,326,0,0,0,0,0,0,0,,
10/21/25,12,Campaign_J,10,951,26,13.95,2,42.63,0.0273,0.0769,0.54,0.327,3.056
10/21/25,13,Campaign_A,20,1394,22,19.82,1,23.64,0.0158,0.0455,0.9,0.838,1.193
10/21/25,13,Campaign_B,25,54,1,1.14,0,0,0.0185,0,1.14,,0
10/21/25,13,Campaign_C,15,1201,32,24.12,0,0,0.0266,0,0.75,,0
10/21/25,13,Campaign_D,10,1790,0,0,0,0,0,0,0,,
10/21/25,13,Campaign_E,20,1287,9,12.2,0,0,0.007,0,1.36,,0
10/21/25,13,Campaign_F,25,0,11,6.44,0,0,0,0,0.59,,0
10/21/25,13,Campaign_G,5,1571,33,37.12,5,136.31,0.021,0.1515,1.12,0.272,3.672
10/21/25,13,Campaign_H,10,395,10,8.63,0,0,0.0253,0,0.86,,0
10/21/25,13,Campaign_I,10,1387,11,15.34,1,20.45,0.0079,0.0909,1.39,0.75,1.333
10/21/25,13,Campaign_J,10,520,9,5.75,1,30.51,0.0173,0.1111,0.64,0.188,5.306
10/21/25,14,Campaign_A,20,804,4,4.31,0,0,0.005,0,1.08,,0
10/21/25,14,Campaign_B,25,1401,0,0,0,0,0,0,0,,
10/21/25,14,Campaign_C,15,2074,57,62.73,3,114.86,0.0275,0.0526,1.1,0.546,1.831
10/21/25,14,Campaign_D,10,701,0,0,0,0,0,0,0,,
10/21/25,14,Campaign_E,20,1386,0,0,0,0,0,0,0,,
10/21/25,14,Campaign_F,25,28,0,0,0,0,0,0,0,,
10/21/25,14,Campaign_G,5,1136,26,23.31,1,29.68,0.0229,0.0385,0.9,0.785,1.273
10/21/25,14,Campaign_H,10,1785,10,5.51,1,26.68,0.0056,0.1,0.55,0.207,4.842
10/21/25,14,Campaign_I,10,153,2,1.83,0,0,0.0131,0,0.91,,0
10/21/25,14,Campaign_J,10,130,0,0,0,0,0,0,0,,
10/21/25,15,Campaign_A,20,101,1,1.42,0,0,0.0099,0,1.42,,0
10/21/25,15,Campaign_B,25,329,7,10.21,0,0,0.0213,0,1.46,,0
10/21/25,15,Campaign_C,15,1508,33,32.65,5,194.41,0.0219,0.1515,0.99,0.168,5.954
10/21/25,15,Campaign_D,10,46,0,0,0,0,0,0,0,,
10/21/25,15,Campaign_E,20,0,34,40.71,5,197.11,0,0.1471,1.2,0.207,4.842
10/21/25,15,Campaign_F,25,726,18,17.19,2,66.01,0.0248,0.1111,0.96,0.26,3.84
10/21/25,15,Campaign_G,5,2235,38,35.76,4,144.32,0.017,0.1053,0.94,0.248,4.036
10/21/25,15,Campaign_H,10,1372,29,26.88,2,58.48,0.0211,0.069,0.93,0.46,2.176
10/21/25,15,Campaign_I,10,545,3,4.32,0,0,0.0055,0,1.44,,0
10/21/25,15,Campaign_J,10,957,0,0,0,0,0,0,0,,
10/21/25,16,Campaign_A,20,271,7,6.42,0,0,0.0258,0,0.92,,0
10/21/25,16,Campaign_B,25,2050,34,41.33,2,76.41,0.0166,0.0588,1.22,0.541,1.849
10/21/25,16,Campaign_C,15,1998,31,22.27,4,87.15,0.0155,0.129,0.72,0.256,3.913
10/21/25,16,Campaign_D,10,709,20,28.07,2,42.6,0.0282,0.1,1.4,0.659,1.518
10/21/25,16,Campaign_E,20,1607,45,45.57,2,48.82,0.028,0.0444,1.01,0.933,1.071
10/21/25,16,Campaign_F,25,2306,59,42.26,7,213.5,0.0256,0.1186,0.72,0.198,5.052
10/21/25,16,Campaign_G,5,1914,28,18.31,1,24.48,0.0146,0.0357,0.65,0.748,1.337
10/21/25,16,Campaign_H,10,2030,11,10.53,0,0,0.0054,0,0.96,,0
10/21/25,16,Campaign_I,10,1218,35,40.43,1,28.17,0.0287,0.0286,1.16,1.435,0.697
10/21/25,16,Campaign_J,10,0,4,4.13,0,0,0,0,1.03,,0
10/21/25,17,Campaign_A,20,972,25,27.31,2,67.12,0.0257,0.08,1.09,0.407,2.458
10/21/25,17,Campaign_B,25,1996,23,26.64,3,102.5,0.0115,0.1304,1.16,0.26,3.848
10/21/25,17,Campaign_C,15,362,3,3.6,0,0,0.0083,0,1.2,,0
10/21/25,17,Campaign_D,10,0,58,76.9,0,0,0,0,1.33,,0
10/21/25,17,Campaign_E,20,0,25,26.4,1,23.86,0,0.04,1.06,1.106,0.904
10/21/25,17,Campaign_F,25,1548,31,23.55,3,106.79,0.02,0.0968,0.76,0.221,4.535
10/21/25,17,Campaign_G,5,1349,0,0,0,0,0,0,0,,
10/21/25,17,Campaign_H,10,993,13,7.83,1,21.36,0.0131,0.0769,0.6,0.367,2.728
10/21/25,17,Campaign_I,10,730,6,5.84,0,0,0.0082,0,0.97,,0
10/21/25,17,Campaign_J,10,2257,60,74.98,0,0,0.0266,0,1.25,,0
10/21/25,18,Campaign_A,20,2428,0,0,0,0,0,0,0,,
10/21/25,18,Campaign_B,25,0,54,35.58,9,198.39,0,0.1667,0.66,0.179,5.576
10/21/25,18,Campaign_C,15,38,0,0,0,0,0,0,0,,
10/21/25,18,Campaign_D,10,1823,12,9.28,0,0,0.0066,0,0.77,,0
10/21/25,18,Campaign_E,20,20,0,0,0,0,0,0,0,,
10/21/25,18,Campaign_F,25,1682,19,26.49,1,20.62,0.0113,0.0526,1.39,1.285,0.778
10/21/25,18,Campaign_G,5,792,18,18.78,0,0,0.0227,0,1.04,,0
10/21/25,18,Campaign_H,10,984,26,34.96,3,67.87,0.0264,0.1154,1.34,0.515,1.941
10/21/25,18,Campaign_I,10,692,19,18.28,0,0,0.0275,0,0.96,,0
10/21/25,18,Campaign_J,10,1259,14,9.25,1,31.81,0.0111,0.0714,0.66,0.291,3.439
10/21/25,19,Campaign_A,20,0,7,4.01,0,0,0,0,0.57,,0
10/21/25,19,Campaign_B,25,1567,33,46.46,4,91.67,0.0211,0.1212,1.41,0.507,1.973
10/21/25,19,Campaign_C,15,1695,9,7.61,1,21.45,0.0053,0.1111,0.85,0.355,2.819
10/21/25,19,Campaign_D,10,0,16,9.26,0,0,0,0,0.58,,0
10/21/25,19,Campaign_E,20,0,38,44.47,1,37.92,0,0.0263,1.17,1.173,0.853
10/21/25,19,Campaign_F,25,2056,0,0,0,0,0,0,0,,
10/21/25,19,Campaign_G,5,715,19,15.95,0,0,0.0266,0,0.84,,0
10/21/25,19,Campaign_H,10,899,17,9.19,0,0,0.0189,0,0.54,,0
10/21/25,19,Campaign_I,10,13,0,0,0,0,0,0,0,,
10/21/25,19,Campaign_J,10,1560,41,34.31,0,0,0.0263,0,0.84,,0
10/21/25,20,Campaign_A,20,2356,50,60.96,8,315.97,0.0212,0.16,1.22,0.193,5.183
10/21/25,20,Campaign_B,25,1737,26,18.29,1,39.22,0.015,0.0385,0.7,0.466,2.144
10/21/25,20,Campaign_C,15,1977,46,40.07,1,37.34,0.0233,0.0217,0.87,1.073,0.932
10/21/25,20,Campaign_D,10,607,0,0,0,0,0,0,0,,
10/21/25,20,Campaign_E,20,2382,65,71,4,129.84,0.0273,0.0615,1.09,0.547,1.829
10/21/25,20,Campaign_F,25,2068,0,0,0,0,0,0,0,,
10/21/25,20,Campaign_G,5,477,4,2.72,0,0,0.0084,0,0.68,,0
10/21/25,20,Campaign_H,10,1851,27,31.39,0,0,0.0146,0,1.16,,0
10/21/25,20,Campaign_I,10,0,30,32.65,2,49.48,0,0.0667,1.09,0.66,1.515
10/21/25,20,Campaign_J,10,2334,0,0,0,0,0,0,0,,
10/21/25,21,Campaign_A,20,1993,32,30.38,5,125.25,0.0161,0.1562,0.95,0.243,4.123
10/21/25,21,Campaign_B,25,2003,29,29.97,3,86.78,0.0145,0.1034,1.03,0.345,2.896
10/21/25,21,Campaign_C,15,1390,37,28.48,0,0,0.0266,0,0.77,,0
10/21/25,21,Campaign_D,10,1316,0,0,0,0,0,0,0,,
10/21/25,21,Campaign_E,20,197,0,0,0,0,0,0,0,,
10/21/25,21,Campaign_F,25,1229,27,32.02,0,0,0.022,0,1.19,,0
10/21/25,21,Campaign_G,5,216,4,4.06,0,0,0.0185,0,1.02,,0
10/21/25,21,Campaign_H,10,2431,0,0,0,0,0,0,0,,
10/21/25,21,Campaign_I,10,891,19,22.28,3,70.63,0.0213,0.1579,1.17,0.315,3.17
10/21/25,21,Campaign_J,10,0,69,51.35,11,389.07,0,0.1594,0.74,0.132,7.577
10/21/25,22,Campaign_A,20,986,27,19.32,2,66.05,0.0274,0.0741,0.72,0.293,3.419
10/21/25,22,Campaign_B,25,1009,20,29.87,0,0,0.0198,0,1.49,,0
10/21/25,22,Campaign_C,15,1347,28,26.27,4,105.38,0.0208,0.1429,0.94,0.249,4.011
10/21/25,22,Campaign_D,10,1388,0,0,0,0,0,0,0,,
10/21/25,22,Campaign_E,20,1624,21,22.33,2,63.86,0.0129,0.0952,1.06,0.35,2.86
10/21/25,22,Campaign_F,25,735,10,11.03,1,29.27,0.0136,0.1,1.1,0.377,2.654
10/21/25,22,Campaign_G,5,1026,19,26.87,0,0,0.0185,0,1.41,,0
10/21/25,22,Campaign_H,10,303,5,6.32,0,0,0.0165,0,1.26,,0
10/21/25,22,Campaign_I,10,1004,25,14.28,3,82.8,0.0249,0.12,0.57,0.172,5.798
10/21/25,22,Campaign_J,10,323,9,8.87,0,0,0.0279,0,0.99,,0
10/21/25,23,Campaign_A,20,1179,21,25.54,1,22.44,0.0178,0.0476,1.22,1.138,0.879
10/21/25,23,Campaign_B,25,1286,28,33.85,0,0,0.0218,0,1.21,,0
10/21/25,23,Campaign_C,15,444,5,6.53,0,0,0.0113,0,1.31,,0
10/21/25,23,Campaign_D,10,2188,43,31.31,5,141.1,0.0197,0.1163,0.73,0.222,4.507
10/21/25,23,Campaign_E,20,1660,45,34,6,222.14,0.0271,0.1333,0.76,0.153,6.534
10/21/25,23,Campaign_F,25,145,0,0,0,0,0,0,0,,
10/21/25,23,Campaign_G,5,580,5,3.58,0,0,0.0086,0,0.72,,0
10/21/25,23,Campaign_H,10,2466,49,43.65,5,198.78,0.0199,0.102,0.89,0.22,4.554
10/21/25,23,Campaign_I,10,1826,36,34.05,1,26.82,0.0197,0.0278,0.95,1.27,0.788
10/21/25,23,Campaign_J,10,2349,17,13.16,0,0,0.0072,0,0.77,,0
10/22/25,0,Campaign_A,20,743,15,13,1,28.85,0.0202,0.0667,0.87,0.451,2.219
10/22/25,0,Campaign_B,25,955,23,31.74,2,52.97,0.0241,0.087,1.38,0.599,1.669
10/22/25,0,Campaign_C,15,341,7,7.4,0,0,0.0205,0,1.06,,0
10/22/25,0,Campaign_D,10,1465,42,29.44,1,29.01,0.0287,0.0238,0.7,1.015,0.985
10/22/25,0,Campaign_E,20,656,8,7.06,0,0,0.0122,0,0.88,,0
10/22/25,0,Campaign_F,25,629,18,24.16,2,43.56,0.0286,0.1111,1.34,0.555,1.803
10/22/25,0,Campaign_G,5,1766,47,30.99,0,0,0.0266,0,0.66,,0
10/22/25,0,Campaign_H,10,480,5,4.23,0,0,0.0104,0,0.85,,0
10/22/25,0,Campaign_I,10,1725,27,38.32,4,148.11,0.0157,0.1481,1.42,0.259,3.865
10/22/25,0,Campaign_J,10,489,8,9.02,0,0,0.0164,0,1.13,,0
10/22/25,1,Campaign_A,20,0,24,15.69,4,125.84,0,0.1667,0.65,0.125,8.02
10/22/25,1,Campaign_B,25,265,0,0,0,0,0,0,0,,
10/22/25,1,Campaign_C,15,163,0,0,0,0,0,0,0,,
10/22/25,1,Campaign_D,10,237,2,1.29,0,0,0.0084,0,0.65,,0
10/22/25,1,Campaign_E,20,536,0,0,0,0,0,0,0,,
10/22/25,1,Campaign_F,25,127,2,1.88,0,0,0.0157,0,0.94,,0
10/22/25,1,Campaign_G,5,389,0,0,0,0,0,0,0,,
10/22/25,1,Campaign_H,10,2334,15,8.37,0,0,0.0064,0,0.56,,0
10/22/25,1,Campaign_I,10,456,7,8.98,0,0,0.0154,0,1.28,,0
10/22/25,1,Campaign_J,10,608,10,11.15,1,30.54,0.0164,0.1,1.12,0.365,2.739
10/22/25,2,Campaign_A,20,1508,40,34.71,6,208.03,0.0265,0.15,0.87,0.167,5.993
10/22/25,2,Campaign_B,25,509,0,0,0,0,0,0,0,,
10/22/25,2,Campaign_C,15,741,8,8.28,0,0,0.0108,0,1.04,,0
10/22/25,2,Campaign_D,10,2385,0,0,0,0,0,0,0,,
10/22/25,2,Campaign_E,20,496,9,5.38,0,0,0.0181,0,0.6,,0
10/22/25,2,Campaign_F,25,593,10,9.59,1,39.11,0.0169,0.1,0.96,0.245,4.078
10/22/25,2,Campaign_G,5,16,0,0,0,0,0,0,0,,
10/22/25,2,Campaign_H,10,2076,24,30.75,2,55.45,0.0116,0.0833,1.28,0.555,1.803
10/22/25,2,Campaign_I,10,2247,23,31.8,0,0,0.0102,0,1.38,,0
10/22/25,2,Campaign_J,10,0,0,0,0,0,0,0,0,,
10/22/25,3,Campaign_A,20,86,0,0,0,0,0,0,0,,
10/22/25,3,Campaign_B,25,1668,29,43.26,4,142.71,0.0174,0.1379,1.49,0.303,3.299
10/22/25,3,Campaign_C,15,562,0,0,0,0,0,0,0,,
10/22/25,3,Campaign_D,10,1343,0,0,0,0,0,0,0,,
10/22/25,3,Campaign_E,20,1246,30,35.02,0,0,0.0241,0,1.17,,0
10/22/25,3,Campaign_F,25,1827,37,38.12,0,0,0.0203,0,1.03,,0
10/22/25,3,Campaign_G,5,369,0,0,0,0,0,0,0,,
10/22/25,3,Campaign_H,10,769,15,19.68,0,0,0.0195,0,1.31,,0
10/22/25,3,Campaign_I,10,935,0,0,0,0,0,0,0,,
10/22/25,3,Campaign_J,10,845,13,9.63,0,0,0.0154,0,0.74,,0
10/22/25,4,Campaign_A,20,685,3,2.45,0,0,0.0044,0,0.82,,0
10/22/25,4,Campaign_B,25,2196,52,63.88,6,141.29,0.0237,0.1154,1.23,0.452,2.212
10/22/25,4,Campaign_C,15,597,14,17.19,0,0,0.0235,0,1.23,,0
10/22/25,4,Campaign_D,10,212,4,4.02,0,0,0.0189,0,1.01,,0
10/22/25,4,Campaign_E,20,1724,40,26.06,0,0,0.0232,0,0.65,,0
10/22/25,4,Campaign_F,25,2155,45,43.27,0,0,0.0209,0,0.96,,0
10/22/25,4,Campaign_G,5,2176,51,35.39,6,157.31,0.0234,0.1176,0.69,0.225,4.445
10/22/25,4,Campaign_H,10,1428,33,28.23,3,60.31,0.0231,0.0909,0.86,0.468,2.136
10/22/25,4,Campaign_I,10,313,1,1.46,0,0,0.0032,0,1.46,,0
10/22/25,4,Campaign_J,10,1014,16,14.17,2,48.69,0.0158,0.125,0.89,0.291,3.436
10/22/25,5,Campaign_A,20,1828,0,0,0,0,0,0,0,,
10/22/25,5,Campaign_B,25,2249,46,27.28,4,131.39,0.0205,0.087,0.59,0.208,4.816
10/22/25,5,Campaign_C,15,335,3,2.96,0,0,0.009,0,0.99,,0
10/22/25,5,Campaign_D,10,1901,16,23.71,2,60.81,0.0084,0.125,1.48,0.39,2.565
10/22/25,5,Campaign_E,20,739,5,4.36,0,0,0.0068,0,0.87,,0
10/22/25,5,Campaign_F,25,475,11,12.57,1,35.71,0.0232,0.0909,1.14,0.352,2.841
10/22/25,5,Campaign_G,5,2010,44,54.56,2,62.62,0.0219,0.0455,1.24,0.871,1.148
10/22/25,5,Campaign_H,10,0,0,0,0,0,0,0,0,,
10/22/25,5,Campaign_I,10,2301,45,57.72,0,0,0.0196,0,1.28,,0
10/22/25,5,Campaign_J,10,546,8,5.49,0,0,0.0147,0,0.69,,0
10/22/25,6,Campaign_A,20,1625,11,10.31,1,23.18,0.0068,0.0909,0.94,0.445,2.248
10/22/25,6,Campaign_B,25,1851,15,14.58,0,0,0.0081,0,0.97,,0
10/22/25,6,Campaign_C,15,1431,9,6.72,0,0,0.0063,0,0.75,,0
10/22/25,6,Campaign_D,10,2014,32,31.6,0,0,0.0159,0,0.99,,0
10/22/25,6,Campaign_E,20,2297,43,54.69,0,0,0.0187,0,1.27,,0
10/22/25,6,Campaign_F,25,1422,7,7.42,0,0,0.0049,0,1.06,,0
10/22/25,6,Campaign_G,5,895,18,11.61,1,26.77,0.0201,0.0556,0.64,0.434,2.306
10/22/25,6,Campaign_H,10,370,10,6.14,0,0,0.027,0,0.61,,0
10/22/25,6,Campaign_I,10,894,10,10.23,0,0,0.0112,0,1.02,,0
10/22/25,6,Campaign_J,10,2075,0,0,0,0,0,0,0,,
10/22/25,7,Campaign_A,20,528,10,9.29,0,0,0.0189,0,0.93,,0
10/22/25,7,Campaign_B,25,2069,54,49.24,6,127.47,0.0261,0.1111,0.91,0.386,2.589
10/22/25,7,Campaign_C,15,1317,33,42.45,2,46.59,0.0251,0.0606,1.29,0.911,1.098
10/22/25,7,Campaign_D,10,0,58,36.32,3,75.33,0,0.0517,0.63,0.482,2.074
10/22/25,7,Campaign_E,20,2105,50,29.71,3,83.44,0.0238,0.06,0.59,0.356,2.808
10/22/25,7,Campaign_F,25,2274,17,14.97,2,48.15,0.0075,0.1176,0.88,0.311,3.216
10/22/25,7,Campaign_G,5,7,0,0,0,0,0,0,0,,
10/22/25,7,Campaign_H,10,904,13,8.55,1,26.34,0.0144,0.0769,0.66,0.325,3.081
10/22/25,7,Campaign_I,10,2434,34,34.24,1,27.27,0.014,0.0294,1.01,1.256,0.796
10/22/25,7,Campaign_J,10,1915,48,70.45,2,69.59,0.0251,0.0417,1.47,1.012,0.988
10/22/25,8,Campaign_A,20,1152,17,19.29,0,0,0.0148,0,1.13,,0
10/22/25,8,Campaign_B,25,1125,33,39.17,0,0,0.0293,0,1.19,,0
10/22/25,8,Campaign_C,15,2243,51,62.81,0,0,0.0227,0,1.23,,0
10/22/25,8,Campaign_D,10,264,6,4.89,0,0,0.0227,0,0.81,,0
10/22/25,8,Campaign_E,20,1249,31,23.07,0,0,0.0248,0,0.74,,0
10/22/25,8,Campaign_F,25,1241,9,7.63,1,33.02,0.0073,0.1111,0.85,0.231,4.328
10/22/25,8,Campaign_G,5,895,12,17.75,0,0,0.0134,0,1.48,,0
10/22/25,8,Campaign_H,10,1089,0,0,0,0,0,0,0,,
10/22/25,8,Campaign_I,10,2248,48,27.7,7,170.17,0.0214,0.1458,0.58,0.163,6.143
10/22/25,8,Campaign_J,10,2190,0,0,0,0,0,0,0,,
10/22/25,9,Campaign_A,20,2019,54,62.91,8,267.32,0.0267,0.1481,1.16,0.235,4.249
10/22/25,9,Campaign_B,25,2454,22,15.99,1,28.26,0.009,0.0455,0.73,0.566,1.767
10/22/25,9,Campaign_C,15,0,15,18.6,1,37.17,0,0.0667,1.24,0.5,1.998
10/22/25,9,Campaign_D,10,82,2,2.68,0,0,0.0244,0,1.34,,0
10/22/25,9,Campaign_E,20,1659,42,25.73,4,87.72,0.0253,0.0952,0.61,0.293,3.409
10/22/25,9,Campaign_F,25,285,1,1.32,0,0,0.0035,0,1.32,,0
10/22/25,9,Campaign_G,5,2381,0,0,0,0,0,0,0,,
10/22/25,9,Campaign_H,10,1799,48,71.47,5,183.82,0.0267,0.1042,1.49,0.389,2.572
10/22/25,9,Campaign_I,10,2479,14,18.98,0,0,0.0056,0,1.36,,0
10/22/25,9,Campaign_J,10,1986,34,18.11,1,39.12,0.0171,0.0294,0.53,0.463,2.16
10/22/25,10,Campaign_A,20,1031,18,16.82,2,75.7,0.0175,0.1111,0.93,0.222,4.501
10/22/25,10,Campaign_B,25,405,8,9.62,0,0,0.0198,0,1.2,,0
10/22/25,10,Campaign_C,15,1429,35,27,6,152.28,0.0245,0.1714,0.77,0.177,5.64
10/22/25,10,Campaign_D,10,2261,25,13.64,0,0,0.0111,0,0.55,,0
10/22/25,10,Campaign_E,20,361,10,6.96,0,0,0.0277,0,0.7,,0
10/22/25,10,Campaign_F,25,700,0,0,0,0,0,0,0,,
10/22/25,10,Campaign_G,5,554,14,13.14,1,20.89,0.0253,0.0714,0.94,0.629,1.59
10/22/25,10,Campaign_H,10,2280,0,0,0,0,0,0,0,,
10/22/25,10,Campaign_I,10,855,15,7.95,0,0,0.0175,0,0.53,,0
10/22/25,10,Campaign_J,10,2174,25,22.78,3,96.47,0.0115,0.12,0.91,0.236,4.235
10/22/25,11,Campaign_A,20,1952,49,24.58,1,25.15,0.0251,0.0204,0.5,0.977,1.023
10/22/25,11,Campaign_B,25,726,4,4.66,0,0,0.0055,0,1.17,,0
10/22/25,11,Campaign_C,15,1774,27,15.66,4,133.49,0.0152,0.1481,0.58,0.117,8.524
10/22/25,11,Campaign_D,10,104,2,2,0,0,0.0192,0,1,,0
10/22/25,11,Campaign_E,20,1563,14,14.42,2,72.8,0.009,0.1429,1.03,0.198,5.049
10/22/25,11,Campaign_F,25,267,3,1.63,0,0,0.0112,0,0.54,,0
10/22/25,11,Campaign_G,5,48,0,0,0,0,0,0,0,,
10/22/25,11,Campaign_H,10,1819,26,15.02,4,127.22,0.0143,0.1538,0.58,0.118,8.47
10/22/25,11,Campaign_I,10,1889,27,34,0,0,0.0143,0,1.26,,0
10/22/25,11,Campaign_J,10,2041,0,0,0,0,0,0,0,,
10/22/25,12,Campaign_A,20,1943,27,17.35,2,46.18,0.0139,0.0741,0.64,0.376,2.662
10/22/25,12,Campaign_B,25,913,19,17.28,2,64.23,0.0208,0.1053,0.91,0.269,3.717
10/22/25,12,Campaign_C,15,929,24,14.53,0,0,0.0258,0,0.61,,0
10/22/25,12,Campaign_D,10,1457,0,0,0,0,0,0,0,,
10/22/25,12,Campaign_E,20,2122,0,0,0,0,0,0,0,,
10/22/25,12,Campaign_F,25,0,5,6.28,0,0,0,0,1.26,,0
10/22/25,12,Campaign_G,5,2172,30,28.32,3,65.29,0.0138,0.1,0.94,0.434,2.305
10/22/25,12,Campaign_H,10,58,1,0.84,0,0,0.0172,0,0.84,,0
10/22/25,12,Campaign_I,10,364,8,6.42,0,0,0.022,0,0.8,,0
10/22/25,12,Campaign_J,10,382,4,3.39,0,0,0.0105,0,0.85,,0
10/22/25,13,Campaign_A,20,1134,28,34.57,2,71.7,0.0247,0.0714,1.23,0.482,2.074
10/22/25,13,Campaign_B,25,164,0,0,0,0,0,0,0,,
10/22/25,13,Campaign_C,15,2211,0,0,0,0,0,0,0,,
10/22/25,13,Campaign_D,10,1889,43,27.12,2,71.77,0.0228,0.0465,0.63,0.378,2.646
10/22/25,13,Campaign_E,20,1043,0,0,0,0,0,0,0,,
10/22/25,13,Campaign_F,25,882,14,19.09,1,25.72,0.0159,0.0714,1.36,0.742,1.347
10/22/25,13,Campaign_G,5,1239,19,16.38,3,87.36,0.0153,0.1579,0.86,0.188,5.333
10/22/25,13,Campaign_H,10,603,15,21.84,0,0,0.0249,0,1.46,,0
10/22/25,13,Campaign_I,10,2384,62,85.77,6,195.19,0.026,0.0968,1.38,0.439,2.276
10/22/25,13,Campaign_J,10,2334,54,28.65,5,163.25,0.0231,0.0926,0.53,0.175,5.698
10/22/25,14,Campaign_A,20,276,3,2.13,0,0,0.0109,0,0.71,,0
10/22/25,14,Campaign_B,25,0,0,0,0,0,0,0,0,,
10/22/25,14,Campaign_C,15,578,13,8.36,1,33.17,0.0225,0.0769,0.64,0.252,3.968
10/22/25,14,Campaign_D,10,256,6,5.93,0,0,0.0234,0,0.99,,0
10/22/25,14,Campaign_E,20,413,2,2.26,0,0,0.0048,0,1.13,,0
10/22/25,14,Campaign_F,25,2130,38,38.02,5,105.02,0.0178,0.1316,1,0.362,2.762
10/22/25,14,Campaign_G,5,449,10,13.63,0,0,0.0223,0,1.36,,0
10/22/25,14,Campaign_H,10,1590,43,31.22,7,224.49,0.027,0.1628,0.73,0.139,7.191
10/22/25,14,Campaign_I,10,1076,16,19.52,1,36.43,0.0149,0.0625,1.22,0.536,1.866
10/22/25,14,Campaign_J,10,1589,10,12.14,1,31.05,0.0063,0.1,1.21,0.391,2.558
10/22/25,15,Campaign_A,20,2307,19,18.94,0,0,0.0082,0,1,,0
10/22/25,15,Campaign_B,25,1098,12,8.27,1,31.87,0.0109,0.0833,0.69,0.259,3.854
10/22/25,15,Campaign_C,15,0,14,10.46,1,22.04,0,0.0714,0.75,0.475,2.107
10/22/25,15,Campaign_D,10,1642,19,24.49,1,38.2,0.0116,0.0526,1.29,0.641,1.56
10/22/25,15,Campaign_E,20,0,0,0,0,0,0,0,0,,
10/22/25,15,Campaign_F,25,1948,28,14.12,0,0,0.0144,0,0.5,,0
10/22/25,15,Campaign_G,5,234,5,7.25,0,0,0.0214,0,1.45,,0
10/22/25,15,Campaign_H,10,1746,0,0,0,0,0,0,0,,
10/22/25,15,Campaign_I,10,1327,19,11.61,2,40.12,0.0143,0.1053,0.61,0.289,3.456
10/22/25,15,Campaign_J,10,1478,35,47.26,4,117.78,0.0237,0.1143,1.35,0.401,2.492
10/22/25,16,Campaign_A,20,951,20,10.72,3,67.54,0.021,0.15,0.54,0.159,6.3
10/22/25,16,Campaign_B,25,1051,0,0,0,0,0,0,0,,
10/22/25,16,Campaign_C,15,821,8,6.94,0,0,0.0097,0,0.87,,0
10/22/25,16,Campaign_D,10,117,2,2.38,0,0,0.0171,0,1.19,,0
10/22/25,16,Campaign_E,20,397,6,6.19,0,0,0.0151,0,1.03,,0
10/22/25,16,Campaign_F,25,739,4,3.82,0,0,0.0054,0,0.95,,0
10/22/25,16,Campaign_G,5,1995,0,0,0,0,0,0,0,,
10/22/25,16,Campaign_H,10,1697,16,13.47,1,32.84,0.0094,0.0625,0.84,0.41,2.438
10/22/25,16,Campaign_I,10,2059,10,14.74,0,0,0.0049,0,1.47,,0
10/22/25,16,Campaign_J,10,224,4,2.61,0,0,0.0179,0,0.65,,0
10/22/25,17,Campaign_A,20,1249,21,11.71,3,107.11,0.0168,0.1429,0.56,0.109,9.147
10/22/25,17,Campaign_B,25,979,18,15.58,1,22.82,0.0184,0.0556,0.87,0.683,1.465
10/22/25,17,Campaign_C,15,25,0,0,0,0,0,0,0,,
10/22/25,17,Campaign_D,10,460,11,12.92,0,0,0.0239,0,1.17,,0
10/22/25,17,Campaign_E,20,215,4,4.76,0,0,0.0186,0,1.19,,0
10/22/25,17,Campaign_F,25,2408,0,0,0,0,0,0,0,,
10/22/25,17,Campaign_G,5,1946,46,67.27,7,246.52,0.0236,0.1522,1.46,0.273,3.665
10/22/25,17,Campaign_H,10,2349,0,0,0,0,0,0,0,,
10/22/25,17,Campaign_I,10,1116,19,12.1,2,55.67,0.017,0.1053,0.64,0.217,4.601
10/22/25,17,Campaign_J,10,1605,12,10.88,1,24.38,0.0075,0.0833,0.91,0.446,2.241
10/22/25,18,Campaign_A,20,356,5,5.61,0,0,0.014,0,1.12,,0
10/22/25,18,Campaign_B,25,2172,62,91.59,3,88.61,0.0285,0.0484,1.48,1.034,0.967
10/22/25,18,Campaign_C,15,2019,22,14.58,3,89.93,0.0109,0.1364,0.66,0.162,6.168
10/22/25,18,Campaign_D,10,136,3,3.16,0,0,0.0221,0,1.05,,0
10/22/25,18,Campaign_E,20,871,22,20.43,0,0,0.0253,0,0.93,,0
10/22/25,18,Campaign_F,25,1676,8,11.92,0,0,0.0048,0,1.49,,0
10/22/25,18,Campaign_G,5,326,4,5.67,0,0,0.0123,0,1.42,,0
10/22/25,18,Campaign_H,10,273,8,7.32,1,37.55,0.0293,0.125,0.92,0.195,5.13
10/22/25,18,Campaign_I,10,1427,10,5.39,0,0,0.007,0,0.54,,0
10/22/25,18,Campaign_J,10,1424,12,11.18,1,28.55,0.0084,0.0833,0.93,0.392,2.554
10/22/25,19,Campaign_A,20,2329,0,0,0,0,0,0,0,,
10/22/25,19,Campaign_B,25,2038,58,74.26,6,144.56,0.0285,0.1034,1.28,0.514,1.947
10/22/25,19,Campaign_C,15,220,2,1.07,0,0,0.0091,0,0.53,,0
10/22/25,19,Campaign_D,10,2468,0,0,0,0,0,0,0,,
10/22/25,19,Campaign_E,20,1982,26,30.02,0,0,0.0131,0,1.15,,0
10/22/25,19,Campaign_F,25,2480,45,24.19,0,0,0.0181,0,0.54,,0
10/22/25,19,Campaign_G,5,680,3,1.66,0,0,0.0044,0,0.55,,0
10/22/25,19,Campaign_H,10,211,0,0,0,0,0,0,0,,
10/22/25,19,Campaign_I,10,843,8,10.79,0,0,0.0095,0,1.35,,0
10/22/25,19,Campaign_J,10,1135,28,39.25,4,140.34,0.0247,0.1429,1.4,0.28,3.576
10/22/25,20,Campaign_A,20,212,0,0,0,0,0,0,0,,
10/22/25,20,Campaign_B,25,1822,0,0,0,0,0,0,0,,
10/22/25,20,Campaign_C,15,0,4,3.06,0,0,0,0,0.77,,0
10/22/25,20,Campaign_D,10,1856,42,39.85,0,0,0.0226,0,0.95,,0
10/22/25,20,Campaign_E,20,1914,0,0,0,0,0,0,0,,
10/22/25,20,Campaign_F,25,508,13,9.04,1,39.57,0.0256,0.0769,0.7,0.228,4.377
10/22/25,20,Campaign_G,5,1538,12,11.22,0,0,0.0078,0,0.94,,0
10/22/25,20,Campaign_H,10,0,23,29.49,0,0,0,0,1.28,,0
10/22/25,20,Campaign_I,10,77,1,0.73,0,0,0.013,0,0.73,,0
10/22/25,20,Campaign_J,10,1191,7,9.54,0,0,0.0059,0,1.36,,0
10/22/25,21,Campaign_A,20,1855,42,57.93,5,162.5,0.0226,0.119,1.38,0.356,2.805
10/22/25,21,Campaign_B,25,1537,41,30.77,4,146.63,0.0267,0.0976,0.75,0.21,4.765
10/22/25,21,Campaign_C,15,594,12,8.24,0,0,0.0202,0,0.69,,0
10/22/25,21,Campaign_D,10,2378,23,21.4,2,49.89,0.0097,0.087,0.93,0.429,2.331
10/22/25,21,Campaign_E,20,1341,9,5.15,0,0,0.0067,0,0.57,,0
10/22/25,21,Campaign_F,25,1107,24,22.04,1,25.56,0.0217,0.0417,0.92,0.862,1.16
10/22/25,21,Campaign_G,5,0,68,64.61,3,92.87,0,0.0441,0.95,0.696,1.437
10/22/25,21,Campaign_H,10,1435,21,19.38,1,25.29,0.0146,0.0476,0.92,0.766,1.305
10/22/25,21,Campaign_I,10,777,13,13.64,0,0,0.0167,0,1.05,,0
10/22/25,21,Campaign_J,10,218,1,0.59,0,0,0.0046,0,0.59,,0
10/22/25,22,Campaign_A,20,1437,30,31.91,3,95.01,0.0209,0.1,1.06,0.336,2.977
10/22/25,22,Campaign_B,25,1466,17,24.59,0,0,0.0116,0,1.45,,0
10/22/25,22,Campaign_C,15,2313,46,23.31,5,137.36,0.0199,0.1087,0.51,0.17,5.893
10/22/25,22,Campaign_D,10,2028,0,0,0,0,0,0,0,,
10/22/25,22,Campaign_E,20,816,15,18.39,2,48.59,0.0184,0.1333,1.23,0.378,2.642
10/22/25,22,Campaign_F,25,1189,0,0,0,0,0,0,0,,
10/22/25,22,Campaign_G,5,1779,42,31.87,5,100.91,0.0236,0.119,0.76,0.316,3.166
10/22/25,22,Campaign_H,10,1271,13,15.61,1,36.37,0.0102,0.0769,1.2,0.429,2.33
10/22/25,22,Campaign_I,10,1134,0,0,0,0,0,0,0,,
10/22/25,22,Campaign_J,10,2040,0,0,0,0,0,0,0,,
10/22/25,23,Campaign_A,20,2250,37,43.4,0,0,0.0164,0,1.17,,0
10/22/25,23,Campaign_B,25,1327,17,16.89,2,55.9,0.0128,0.1176,0.99,0.302,3.31
10/22/25,23,Campaign_C,15,869,20,11.37,3,95.07,0.023,0.15,0.57,0.12,8.361
10/22/25,23,Campaign_D,10,294,3,3.5,0,0,0.0102,0,1.17,,0
10/22/25,23,Campaign_E,20,362,7,7.25,0,0,0.0193,0,1.04,,0
10/22/25,23,Campaign_F,25,1358,8,7.55,0,0,0.0059,0,0.94,,0
10/22/25,23,Campaign_G,5,0,3,2.13,0,0,0,0,0.71,,0
10/22/25,23,Campaign_H,10,120,1,0.57,0,0,0.0083,0,0.57,,0
10/22/25,23,Campaign_I,10,2068,48,45.42,1,38.49,0.0232,0.0208,0.95,1.18,0.847
10/22/25,23,Campaign_J,10,2330,41,35.01,6,156.94,0.0176,0.1463,0.85,0.223,4.483
10/23/25,0,Campaign_A,20,566,16,16.09,2,44.1,0.0283,0.125,1.01,0.365,2.741
10/23/25,0,Campaign_B,25,136,0,0,0,0,0,0,0,,
10/23/25,0,Campaign_C,15,2472,65,88.32,6,193.27,0.0263,0.0923,1.36,0.457,2.188
10/23/25,0,Campaign_D,10,1308,21,18.58,1,34.81,0.0161,0.0476,0.88,0.534,1.874
10/23/25,0,Campaign_E,20,596,13,8.6,0,0,0.0218,0,0.66,,0
10/23/25,0,Campaign_F,25,720,11,6.84,1,22.37,0.0153,0.0909,0.62,0.306,3.27
10/23/25,0,Campaign_G,5,1257,25,22.28,1,39.2,0.0199,0.04,0.89,0.568,1.759
10/23/25,0,Campaign_H,10,2410,45,46.84,6,140.6,0.0187,0.1333,1.04,0.333,3.002
10/23/25,0,Campaign_I,10,945,12,6.27,1,29.91,0.0127,0.0833,0.52,0.21,4.77
10/23/25,0,Campaign_J,10,294,2,1.78,0,0,0.0068,0,0.89,,0
10/23/25,1,Campaign_A,20,820,20,23.46,3,73.31,0.0244,0.15,1.17,0.32,3.125
10/23/25,1,Campaign_B,25,1403,37,46.35,5,120.34,0.0264,0.1351,1.25,0.385,2.596
10/23/25,1,Campaign_C,15,1387,18,12.3,2,58.65,0.013,0.1111,0.68,0.21,4.768
10/23/25,1,Campaign_D,10,541,0,0,0,0,0,0,0,,
10/23/25,1,Campaign_E,20,193,1,1.04,0,0,0.0052,0,1.04,,0
10/23/25,1,Campaign_F,25,684,11,8.05,0,0,0.0161,0,0.73,,0
10/23/25,1,Campaign_G,5,2,0,0,0,0,0,0,0,,
10/23/25,1,Campaign_H,10,643,10,12.09,0,0,0.0156,0,1.21,,0
10/23/25,1,Campaign_I,10,0,19,24.79,2,42.66,0,0.1053,1.3,0.581,1.721
10/23/25,1,Campaign_J,10,1159,18,15.3,2,40.59,0.0155,0.1111,0.85,0.377,2.653
10/23/25,2,Campaign_A,20,1234,25,17.37,3,114.49,0.0203,0.12,0.69,0.152,6.591
10/23/25,2,Campaign_B,25,990,19,20.5,1,29.48,0.0192,0.0526,1.08,0.695,1.438
10/23/25,2,Campaign_C,15,2314,27,20.02,2,76.31,0.0117,0.0741,0.74,0.262,3.812
10/23/25,2,Campaign_D,10,2347,55,34.85,5,195.85,0.0234,0.0909,0.63,0.178,5.62
10/23/25,2,Campaign_E,20,1392,16,23.03,1,25.39,0.0115,0.0625,1.44,0.907,1.102
10/23/25,2,Campaign_F,25,155,2,2.65,0,0,0.0129,0,1.32,,0
10/23/25,2,Campaign_G,5,974,24,30.88,3,69.04,0.0246,0.125,1.29,0.447,2.236
10/23/25,2,Campaign_H,10,0,2,2.76,0,0,0,0,1.38,,0
10/23/25,2,Campaign_I,10,689,16,16.23,1,33.34,0.0232,0.0625,1.01,0.487,2.054
10/23/25,2,Campaign_J,10,1937,50,28.36,0,0,0.0258,0,0.57,,0
10/23/25,3,Campaign_A,20,1675,22,29.88,1,20.81,0.0131,0.0455,1.36,1.436,0.696
10/23/25,3,Campaign_B,25,2300,29,39.13,0,0,0.0126,0,1.35,,0
10/23/25,3,Campaign_C,15,165,0,0,0,0,0,0,0,,
10/23/25,3,Campaign_D,10,0,16,23.01,1,27.81,0,0.0625,1.44,0.827,1.209
10/23/25,3,Campaign_E,20,67,1,1.21,0,0,0.0149,0,1.21,,0
10/23/25,3,Campaign_F,25,1943,28,31.73,2,59.77,0.0144,0.0714,1.13,0.531,1.884
10/23/25,3,Campaign_G,5,1781,44,24.35,5,167.75,0.0247,0.1136,0.55,0.145,6.889
10/23/25,3,Campaign_H,10,1745,13,7.21,2,42.79,0.0074,0.1538,0.55,0.168,5.935
10/23/25,3,Campaign_I,10,917,8,5.43,0,0,0.0087,0,0.68,,0
10/23/25,3,Campaign_J,10,92,0,0,0,0,0,0,0,,
10/23/25,4,Campaign_A,20,374,3,3.56,0,0,0.008,0,1.19,,0
10/23/25,4,Campaign_B,25,12,0,0,0,0,0,0,0,,
10/23/25,4,Campaign_C,15,1610,31,16.48,1,32.14,0.0193,0.0323,0.53,0.513,1.95
10/23/25,4,Campaign_D,10,627,6,6.01,0,0,0.0096,0,1,,0
10/23/25,4,Campaign_E,20,2135,0,0,0,0,0,0,0,,
10/23/25,4,Campaign_F,25,1828,50,48.25,1,26.71,0.0274,0.02,0.97,1.806,0.554
10/23/25,4,Campaign_G,5,1332,39,56.08,0,0,0.0293,0,1.44,,0
10/23/25,4,Campaign_H,10,1546,38,37.05,0,0,0.0246,0,0.97,,0
10/23/25,4,Campaign_I,10,905,6,8.91,0,0,0.0066,0,1.49,,0
10/23/25,4,Campaign_J,10,583,9,7.44,0,0,0.0154,0,0.83,,0
10/23/25,5,Campaign_A,20,38,0,0,0,0,0,0,0,,
10/23/25,5,Campaign_B,25,35,0,0,0,0,0,0,0,,
10/23/25,5,Campaign_C,15,1983,13,7.78,1,32.34,0.0066,0.0769,0.6,0.241,4.157
10/23/25,5,Campaign_D,10,2239,43,48.33,4,86.58,0.0192,0.093,1.12,0.558,1.791
10/23/25,5,Campaign_E,20,990,14,12.09,0,0,0.0141,0,0.86,,0
10/23/25,5,Campaign_F,25,1112,21,28.61,2,73.6,0.0189,0.0952,1.36,0.389,2.573
10/23/25,5,Campaign_G,5,2440,0,0,0,0,0,0,0,,
10/23/25,5,Campaign_H,10,844,19,25.43,3,84.41,0.0225,0.1579,1.34,0.301,3.319
10/23/25,5,Campaign_I,10,1462,32,44.91,4,120.81,0.0219,0.125,1.4,0.372,2.69
10/23/25,5,Campaign_J,10,1612,31,22.62,2,66.47,0.0192,0.0645,0.73,0.34,2.939
10/23/25,6,Campaign_A,20,1445,38,37.65,6,192.46,0.0263,0.1579,0.99,0.196,5.112
10/23/25,6,Campaign_B,25,2469,72,62.97,6,130.44,0.0292,0.0833,0.87,0.483,2.071
10/23/25,6,Campaign_C,15,1200,27,40.19,0,0,0.0225,0,1.49,,0
10/23/25,6,Campaign_D,10,2334,24,18.32,0,0,0.0103,0,0.76,,0
10/23/25,6,Campaign_E,20,275,3,3.16,0,0,0.0109,0,1.05,,0
10/23/25,6,Campaign_F,25,1351,0,0,0,0,0,0,0,,
10/23/25,6,Campaign_G,5,1799,50,25.32,6,193.83,0.0278,0.12,0.51,0.131,7.655
10/23/25,6,Campaign_H,10,721,12,10.51,1,33.49,0.0166,0.0833,0.88,0.314,3.186
10/23/25,6,Campaign_I,10,1647,22,31.03,2,42.01,0.0134,0.0909,1.41,0.739,1.354
10/23/25,6,Campaign_J,10,1715,20,29.93,2,48.62,0.0117,0.1,1.5,0.616,1.624
10/23/25,7,Campaign_A,20,1806,30,20.67,4,128.86,0.0166,0.1333,0.69,0.16,6.234
10/23/25,7,Campaign_B,25,882,0,0,0,0,0,0,0,,
10/23/25,7,Campaign_C,15,2463,46,65.66,3,104.97,0.0187,0.0652,1.43,0.626,1.599
10/23/25,7,Campaign_D,10,498,9,7.61,0,0,0.0181,0,0.85,,0
10/23/25,7,Campaign_E,20,1473,31,34.46,2,73.92,0.021,0.0645,1.11,0.466,2.145
10/23/25,7,Campaign_F,25,292,7,5.47,0,0,0.024,0,0.78,,0
10/23/25,7,Campaign_G,5,1251,25,21,0,0,0.02,0,0.84,,0
10/23/25,7,Campaign_H,10,2042,0,0,0,0,0,0,0,,
10/23/25,7,Campaign_I,10,2494,73,50.99,0,0,0.0293,0,0.7,,0
10/23/25,7,Campaign_J,10,366,3,4.4,0,0,0.0082,0,1.47,,0
10/23/25,8,Campaign_A,20,1096,26,36.51,3,63.34,0.0237,0.1154,1.4,0.576,1.735
10/23/25,8,Campaign_B,25,270,4,4.87,0,0,0.0148,0,1.22,,0
10/23/25,8,Campaign_C,15,86,0,0,0,0,0,0,0,,
10/23/25,8,Campaign_D,10,1601,15,19.96,0,0,0.0094,0,1.33,,0
10/23/25,8,Campaign_E,20,2493,0,0,0,0,0,0,0,,
10/23/25,8,Campaign_F,25,249,2,2.17,0,0,0.008,0,1.08,,0
10/23/25,8,Campaign_G,5,1326,7,9.61,0,0,0.0053,0,1.37,,0
10/23/25,8,Campaign_H,10,2185,0,0,0,0,0,0,0,,
10/23/25,8,Campaign_I,10,572,0,0,0,0,0,0,0,,
10/23/25,8,Campaign_J,10,2103,15,20.94,2,64.68,0.0071,0.1333,1.4,0.324,3.089
10/23/25,9,Campaign_A,20,1802,0,0,0,0,0,0,0,,
10/23/25,9,Campaign_B,25,890,21,19.39,0,0,0.0236,0,0.92,,0
10/23/25,9,Campaign_C,15,1719,0,0,0,0,0,0,0,,
10/23/25,9,Campaign_D,10,1611,29,31.16,0,0,0.018,0,1.07,,0
10/23/25,9,Campaign_E,20,1449,37,31.48,5,132.82,0.0255,0.1351,0.85,0.237,4.219
10/23/25,9,Campaign_F,25,1676,11,14.75,0,0,0.0066,0,1.34,,0
10/23/25,9,Campaign_G,5,268,4,2.47,0,0,0.0149,0,0.62,,0
10/23/25,9,Campaign_H,10,2073,58,66.94,4,154.25,0.028,0.069,1.15,0.434,2.304
10/23/25,9,Campaign_I,10,1485,9,10.02,1,21.54,0.0061,0.1111,1.11,0.465,2.15
10/23/25,9,Campaign_J,10,1938,20,10.94,1,37.99,0.0103,0.05,0.55,0.288,3.473
10/23/25,10,Campaign_A,20,1073,8,9.41,0,0,0.0075,0,1.18,,0
10/23/25,10,Campaign_B,25,0,7,6.43,0,0,0,0,0.92,,0
10/23/25,10,Campaign_C,15,2284,0,0,0,0,0,0,0,,
10/23/25,10,Campaign_D,10,170,1,0.55,0,0,0.0059,0,0.55,,0
10/23/25,10,Campaign_E,20,1481,0,0,0,0,0,0,0,,
10/23/25,10,Campaign_F,25,422,9,12,1,28.63,0.0213,0.1111,1.33,0.419,2.386
10/23/25,10,Campaign_G,5,2053,23,23.32,2,53.01,0.0112,0.087,1.01,0.44,2.273
10/23/25,10,Campaign_H,10,446,0,0,0,0,0,0,0,,
10/23/25,10,Campaign_I,10,1411,18,24.43,1,22.65,0.0128,0.0556,1.36,1.079,0.927
10/23/25,10,Campaign_J,10,2197,54,28.39,6,202.57,0.0246,0.1111,0.53,0.14,7.135
10/23/25,11,Campaign_A,20,2160,27,37.45,2,76.68,0.0125,0.0741,1.39,0.488,2.048
10/23/25,11,Campaign_B,25,2328,20,25.15,0,0,0.0086,0,1.26,,0
10/23/25,11,Campaign_C,15,374,0,0,0,0,0,0,0,,
10/23/25,11,Campaign_D,10,0,19,25.36,0,0,0,0,1.33,,0
10/23/25,11,Campaign_E,20,1599,0,0,0,0,0,0,0,,
10/23/25,11,Campaign_F,25,1354,0,0,0,0,0,0,0,,
10/23/25,11,Campaign_G,5,186,0,0,0,0,0,0,0,,
10/23/25,11,Campaign_H,10,430,4,4.26,0,0,0.0093,0,1.07,,0
10/23/25,11,Campaign_I,10,826,15,9.48,0,0,0.0182,0,0.63,,0
10/23/25,11,Campaign_J,10,140,3,2.18,0,0,0.0214,0,0.73,,0
10/23/25,12,Campaign_A,20,629,8,5.69,0,0,0.0127,0,0.71,,0
10/23/25,12,Campaign_B,25,194,3,2.15,0,0,0.0155,0,0.72,,0
10/23/25,12,Campaign_C,15,284,2,1.82,0,0,0.007,0,0.91,,0
10/23/25,12,Campaign_D,10,44,0,0,0,0,0,0,0,,
10/23/25,12,Campaign_E,20,1909,21,16.74,1,24.81,0.011,0.0476,0.8,0.675,1.482
10/23/25,12,Campaign_F,25,2286,0,0,0,0,0,0,0,,
10/23/25,12,Campaign_G,5,1873,11,6.4,0,0,0.0059,0,0.58,,0
10/23/25,12,Campaign_H,10,1825,10,6.17,0,0,0.0055,0,0.62,,0
10/23/25,12,Campaign_I,10,1182,25,19.74,3,84.67,0.0212,0.12,0.79,0.233,4.289
10/23/25,12,Campaign_J,10,129,2,2.29,0,0,0.0155,0,1.14,,0
10/23/25,13,Campaign_A,20,926,20,25.59,0,0,0.0216,0,1.28,,0
10/23/25,13,Campaign_B,25,305,3,2.09,0,0,0.0098,0,0.7,,0
10/23/25,13,Campaign_C,15,1641,0,0,0,0,0,0,0,,
10/23/25,13,Campaign_D,10,817,17,20,2,67.3,0.0208,0.1176,1.18,0.297,3.365
10/23/25,13,Campaign_E,20,0,0,0,0,0,0,0,0,,
10/23/25,13,Campaign_F,25,777,17,21.2,0,0,0.0219,0,1.25,,0
10/23/25,13,Campaign_G,5,184,0,0,0,0,0,0,0,,
10/23/25,13,Campaign_H,10,2209,21,13.15,0,0,0.0095,0,0.63,,0
10/23/25,13,Campaign_I,10,0,3,3.39,0,0,0,0,1.13,,0
10/23/25,13,Campaign_J,10,922,19,24.81,1,20.49,0.0206,0.0526,1.31,1.211,0.826
10/23/25,14,Campaign_A,20,1892,37,33.54,0,0,0.0196,0,0.91,,0
10/23/25,14,Campaign_B,25,35,1,1.49,0,0,0.0286,0,1.49,,0
10/23/25,14,Campaign_C,15,0,4,3.09,0,0,0,0,0.77,,0
10/23/25,14,Campaign_D,10,1485,0,0,0,0,0,0,0,,
10/23/25,14,Campaign_E,20,1360,29,18.4,0,0,0.0213,0,0.63,,0
10/23/25,14,Campaign_F,25,680,11,15.34,0,0,0.0162,0,1.39,,0
10/23/25,14,Campaign_G,5,42,0,0,0,0,0,0,0,,
10/23/25,14,Campaign_H,10,82,0,0,0,0,0,0,0,,
10/23/25,14,Campaign_I,10,2298,58,76.11,7,278.44,0.0252,0.1207,1.31,0.273,3.658
10/23/25,14,Campaign_J,10,2119,15,10.15,1,30.64,0.0071,0.0667,0.68,0.331,3.019
10/23/25,15,Campaign_A,20,1753,11,9.02,0,0,0.0063,0,0.82,,0
10/23/25,15,Campaign_B,25,851,18,20.38,0,0,0.0212,0,1.13,,0
10/23/25,15,Campaign_C,15,1498,11,14.35,1,21.85,0.0073,0.0909,1.3,0.657,1.523
10/23/25,15,Campaign_D,10,170,0,0,0,0,0,0,0,,
10/23/25,15,Campaign_E,20,2099,36,26.14,3,76.94,0.0172,0.0833,0.73,0.34,2.943
10/23/25,15,Campaign_F,25,298,3,4,0,0,0.0101,0,1.33,,0
10/23/25,15,Campaign_G,5,0,37,36.93,2,52.31,0,0.0541,1,0.706,1.416
10/23/25,15,Campaign_H,10,1243,34,41.83,4,117.29,0.0274,0.1176,1.23,0.357,2.804
10/23/25,15,Campaign_I,10,1944,43,61.99,6,230.89,0.0221,0.1395,1.44,0.268,3.725
10/23/25,15,Campaign_J,10,1292,31,36.45,4,116.33,0.024,0.129,1.18,0.313,3.191
10/23/25,16,Campaign_A,20,1461,27,29.15,4,117.34,0.0185,0.1481,1.08,0.248,4.025
10/23/25,16,Campaign_B,25,2381,15,9.21,2,58.08,0.0063,0.1333,0.61,0.159,6.306
10/23/25,16,Campaign_C,15,946,4,3.83,0,0,0.0042,0,0.96,,0
10/23/25,16,Campaign_D,10,1872,54,59.5,4,107.05,0.0288,0.0741,1.1,0.556,1.799
10/23/25,16,Campaign_E,20,1771,26,18.43,0,0,0.0147,0,0.71,,0
10/23/25,16,Campaign_F,25,2118,42,35.51,4,86.34,0.0198,0.0952,0.85,0.411,2.431
10/23/25,16,Campaign_G,5,1306,0,0,0,0,0,0,0,,
10/23/25,16,Campaign_H,10,1436,12,13.15,0,0,0.0084,0,1.1,,0
10/23/25,16,Campaign_I,10,303,3,2.1,0,0,0.0099,0,0.7,,0
10/23/25,16,Campaign_J,10,1827,44,27.47,7,164.8,0.0241,0.1591,0.62,0.167,5.999
10/23/25,17,Campaign_A,20,581,11,10.15,0,0,0.0189,0,0.92,,0
10/23/25,17,Campaign_B,25,0,50,74.13,0,0,0,0,1.48,,0
10/23/25,17,Campaign_C,15,1782,19,21.1,0,0,0.0107,0,1.11,,0
10/23/25,17,Campaign_D,10,171,1,0.88,0,0,0.0058,0,0.88,,0
10/23/25,17,Campaign_E,20,2425,38,38.13,0,0,0.0157,0,1,,0
10/23/25,17,Campaign_F,25,1473,37,40.65,6,184.93,0.0251,0.1622,1.1,0.22,4.549
10/23/25,17,Campaign_G,5,1435,0,0,0,0,0,0,0,,
10/23/25,17,Campaign_H,10,953,0,0,0,0,0,0,0,,
10/23/25,17,Campaign_I,10,1577,19,16.6,0,0,0.012,0,0.87,,0
10/23/25,17,Campaign_J,10,777,7,6.28,0,0,0.009,0,0.9,,0
10/23/25,18,Campaign_A,20,2169,18,10.28,2,75.12,0.0083,0.1111,0.57,0.137,7.307
10/23/25,18,Campaign_B,25,2381,0,0,0,0,0,0,0,,
10/23/25,18,Campaign_C,15,1637,41,39,4,116.34,0.025,0.0976,0.95,0.335,2.983
10/23/25,18,Campaign_D,10,305,0,0,0,0,0,0,0,,
10/23/25,18,Campaign_E,20,1391,30,35.72,1,38.56,0.0216,0.0333,1.19,0.926,1.08
10/23/25,18,Campaign_F,25,1869,22,12.22,3,84.82,0.0118,0.1364,0.56,0.144,6.941
10/23/25,18,Campaign_G,5,467,0,0,0,0,0,0,0,,
10/23/25,18,Campaign_H,10,2031,58,47.29,3,65.82,0.0286,0.0517,0.82,0.718,1.392
10/23/25,18,Campaign_I,10,1141,23,14.08,3,86.22,0.0202,0.1304,0.61,0.163,6.124
10/23/25,18,Campaign_J,10,1784,37,43.93,5,148.99,0.0207,0.1351,1.19,0.295,3.392
10/23/25,19,Campaign_A,20,704,10,12.99,1,28.4,0.0142,0.1,1.3,0.457,2.186
10/23/25,19,Campaign_B,25,698,9,6.13,1,33.05,0.0129,0.1111,0.68,0.185,5.392
10/23/25,19,Campaign_C,15,1191,22,32.92,0,0,0.0185,0,1.5,,0
10/23/25,19,Campaign_D,10,418,0,0,0,0,0,0,0,,
10/23/25,19,Campaign_E,20,2261,61,43.21,7,207.73,0.027,0.1148,0.71,0.208,4.807
10/23/25,19,Campaign_F,25,918,18,13.39,1,26.3,0.0196,0.0556,0.74,0.509,1.964
10/23/25,19,Campaign_G,5,1489,10,9.73,0,0,0.0067,0,0.97,,0
10/23/25,19,Campaign_H,10,2394,27,35,3,89.29,0.0113,0.1111,1.3,0.392,2.551
10/23/25,19,Campaign_I,10,2390,30,35.82,0,0,0.0126,0,1.19,,0
10/23/25,19,Campaign_J,10,57,0,0,0,0,0,0,0,,
10/23/25,20,Campaign_A,20,901,5,3.37,0,0,0.0055,0,0.67,,0
10/23/25,20,Campaign_B,25,1264,0,0,0,0,0,0,0,,
10/23/25,20,Campaign_C,15,2048,0,0,0,0,0,0,0,,
10/23/25,20,Campaign_D,10,490,9,11.78,0,0,0.0184,0,1.31,,0
10/23/25,20,Campaign_E,20,480,5,4.03,0,0,0.0104,0,0.81,,0
10/23/25,20,Campaign_F,25,1887,48,61.09,5,101.46,0.0254,0.1042,1.27,0.602,1.661
10/23/25,20,Campaign_G,5,380,0,0,0,0,0,0,0,,
10/23/25,20,Campaign_H,10,1160,14,14.8,1,36.15,0.0121,0.0714,1.06,0.409,2.443
10/23/25,20,Campaign_I,10,622,13,15.86,2,41.97,0.0209,0.1538,1.22,0.378,2.646
10/23/25,20,Campaign_J,10,520,0,0,0,0,0,0,0,,
10/23/25,21,Campaign_A,20,1187,20,25.16,1,28.21,0.0168,0.05,1.26,0.892,1.121
10/23/25,21,Campaign_B,25,790,16,14.18,2,46.05,0.0203,0.125,0.89,0.308,3.248
10/23/25,21,Campaign_C,15,798,23,26.95,2,48.27,0.0288,0.087,1.17,0.558,1.791
10/23/25,21,Campaign_D,10,1605,0,0,0,0,0,0,0,,
10/23/25,21,Campaign_E,20,0,25,25.59,3,109.51,0,0.12,1.02,0.234,4.279
10/23/25,21,Campaign_F,25,216,2,2.32,0,0,0.0093,0,1.16,,0
10/23/25,21,Campaign_G,5,1167,0,0,0,0,0,0,0,,
10/23/25,21,Campaign_H,10,1755,35,49.92,5,127.37,0.0199,0.1429,1.43,0.392,2.551
10/23/25,21,Campaign_I,10,517,11,9.15,1,30.21,0.0213,0.0909,0.83,0.303,3.302
10/23/25,21,Campaign_J,10,1307,32,46.48,4,140.15,0.0245,0.125,1.45,0.332,3.015
10/23/25,22,Campaign_A,20,1351,36,46.92,4,86.56,0.0266,0.1111,1.3,0.542,1.845
10/23/25,22,Campaign_B,25,707,14,19.04,0,0,0.0198,0,1.36,,0
10/23/25,22,Campaign_C,15,1146,29,35.39,3,87.65,0.0253,0.1034,1.22,0.404,2.477
10/23/25,22,Campaign_D,10,1412,41,36.99,5,192.22,0.029,0.122,0.9,0.192,5.197
10/23/25,22,Campaign_E,20,1808,0,0,0,0,0,0,0,,
10/23/25,22,Campaign_F,25,717,0,0,0,0,0,0,0,,
10/23/25,22,Campaign_G,5,561,11,15.86,1,27.86,0.0196,0.0909,1.44,0.569,1.757
10/23/25,22,Campaign_H,10,1951,58,32.26,6,140.59,0.0297,0.1034,0.56,0.229,4.358
10/23/25,22,Campaign_I,10,1105,17,17.13,0,0,0.0154,0,1.01,,0
10/23/25,22,Campaign_J,10,391,5,6.85,0,0,0.0128,0,1.37,,0
10/23/25,23,Campaign_A,20,1045,10,9.19,0,0,0.0096,0,0.92,,0
10/23/25,23,Campaign_B,25,596,12,16.15,0,0,0.0201,0,1.35,,0
10/23/25,23,Campaign_C,15,1511,25,26.35,1,36.44,0.0165,0.04,1.05,0.723,1.383
10/23/25,23,Campaign_D,10,156,0,0,0,0,0,0,0,,
10/23/25,23,Campaign_E,20,894,0,0,0,0,0,0,0,,
10/23/25,23,Campaign_F,25,1706,40,49.98,1,24.65,0.0234,0.025,1.25,2.028,0.493
10/23/25,23,Campaign_G,5,1905,0,0,0,0,0,0,0,,
10/23/25,23,Campaign_H,10,1041,16,21.04,2,66.86,0.0154,0.125,1.32,0.315,3.178
10/23/25,23,Campaign_I,10,1821,44,43.26,6,149.83,0.0242,0.1364,0.98,0.289,3.463
10/23/25,23,Campaign_J,10,192,5,3.84,0,0,0.026,0,0.77,,0
10/24/25,0,Campaign_A,20,2007,13,8.28,0,0,0.0065,0,0.64,,0
10/24/25,0,Campaign_B,25,950,10,14.77,1,30.74,0.0105,0.1,1.48,0.48,2.081
10/24/25,0,Campaign_C,15,1984,0,0,0,0,0,0,0,,
10/24/25,0,Campaign_D,10,272,3,4.25,0,0,0.011,0,1.42,,0
10/24/25,0,Campaign_E,20,1505,41,42.83,0,0,0.0272,0,1.04,,0
10/24/25,0,Campaign_F,25,178,3,2.82,0,0,0.0169,0,0.94,,0
10/24/25,0,Campaign_G,5,585,0,0,0,0,0,0,0,,
10/24/25,0,Campaign_H,10,2155,26,27.16,0,0,0.0121,0,1.04,,0
10/24/25,0,Campaign_I,10,1,0,0,0,0,0,0,0,,
10/24/25,0,Campaign_J,10,1861,39,24.11,5,122.05,0.021,0.1282,0.62,0.198,5.062
10/24/25,1,Campaign_A,20,1302,37,54.38,4,148.23,0.0284,0.1081,1.47,0.367,2.726
10/24/25,1,Campaign_B,25,1242,0,0,0,0,0,0,0,,
10/24/25,1,Campaign_C,15,847,25,21.06,1,22.92,0.0295,0.04,0.84,0.919,1.088
10/24/25,1,Campaign_D,10,2216,40,47.86,6,187.42,0.0181,0.15,1.2,0.255,3.916
10/24/25,1,Campaign_E,20,1203,25,27.41,2,45.29,0.0208,0.08,1.1,0.605,1.652
10/24/25,1,Campaign_F,25,2121,61,87.41,6,211.12,0.0288,0.0984,1.43,0.414,2.415
10/24/25,1,Campaign_G,5,283,2,1.36,0,0,0.0071,0,0.68,,0
10/24/25,1,Campaign_H,10,0,27,32.13,1,32.2,0,0.037,1.19,0.998,1.002
10/24/25,1,Campaign_I,10,426,3,2.12,0,0,0.007,0,0.71,,0
10/24/25,1,Campaign_J,10,1375,0,0,0,0,0,0,0,,
10/24/25,2,Campaign_A,20,1296,11,13.66,1,31.08,0.0085,0.0909,1.24,0.44,2.275
10/24/25,2,Campaign_B,25,912,9,7.45,1,26.78,0.0099,0.1111,0.83,0.278,3.595
10/24/25,2,Campaign_C,15,1427,27,21.98,1,37.45,0.0189,0.037,0.81,0.587,1.704
10/24/25,2,Campaign_D,10,1971,33,37.1,1,38.34,0.0167,0.0303,1.12,0.968,1.033
10/24/25,2,Campaign_E,20,786,15,12.63,2,54.53,0.0191,0.1333,0.84,0.232,4.317
10/24/25,2,Campaign_F,25,1331,32,33.43,0,0,0.024,0,1.04,,0
10/24/25,2,Campaign_G,5,1853,0,0,0,0,0,0,0,,
10/24/25,2,Campaign_H,10,143,2,2.27,0,0,0.014,0,1.13,,0
10/24/25,2,Campaign_I,10,1357,25,31.22,1,39.35,0.0184,0.04,1.25,0.793,1.26
10/24/25,2,Campaign_J,10,1537,24,24.6,1,28.93,0.0156,0.0417,1.03,0.85,1.176
10/24/25,3,Campaign_A,20,2329,41,21.41,3,83.26,0.0176,0.0732,0.52,0.257,3.889
10/24/25,3,Campaign_B,25,2351,44,48.41,6,237.05,0.0187,0.1364,1.1,0.204,4.897
10/24/25,3,Campaign_C,15,1532,27,16.42,3,79.55,0.0176,0.1111,0.61,0.206,4.845
10/24/25,3,Campaign_D,10,1094,20,27.03,0,0,0.0183,0,1.35,,0
10/24/25,3,Campaign_E,20,442,9,11.16,0,0,0.0204,0,1.24,,0
10/24/25,3,Campaign_F,25,1989,0,0,0,0,0,0,0,,
10/24/25,3,Campaign_G,5,421,11,15.98,1,30.55,0.0261,0.0909,1.45,0.523,1.912
10/24/25,3,Campaign_H,10,545,3,2.41,0,0,0.0055,0,0.8,,0
10/24/25,3,Campaign_I,10,1420,32,34.65,0,0,0.0225,0,1.08,,0
10/24/25,3,Campaign_J,10,1104,25,24.68,0,0,0.0226,0,0.99,,0
10/24/25,4,Campaign_A,20,1025,18,12.56,1,21.7,0.0176,0.0556,0.7,0.579,1.728
10/24/25,4,Campaign_B,25,459,8,10.44,0,0,0.0174,0,1.31,,0
10/24/25,4,Campaign_C,15,477,13,10.76,0,0,0.0273,0,0.83,,0
10/24/25,4,Campaign_D,10,1865,0,0,0,0,0,0,0,,
10/24/25,4,Campaign_E,20,241,1,0.84,0,0,0.0041,0,0.84,,0
10/24/25,4,Campaign_F,25,2104,22,12.65,0,0,0.0105,0,0.57,,0
10/24/25,4,Campaign_G,5,2399,0,0,0,0,0,0,0,,
10/24/25,4,Campaign_H,10,1016,0,0,0,0,0,0,0,,
10/24/25,4,Campaign_I,10,842,20,17.66,2,77.75,0.0238,0.1,0.88,0.227,4.403
10/24/25,4,Campaign_J,10,0,26,24.68,3,79.95,0,0.1154,0.95,0.309,3.239
10/24/25,5,Campaign_A,20,2135,43,38.88,6,187.76,0.0201,0.1395,0.9,0.207,4.829
10/24/25,5,Campaign_B,25,1184,23,26.01,2,70.31,0.0194,0.087,1.13,0.37,2.703
10/24/25,5,Campaign_C,15,1743,22,21.68,2,61.86,0.0126,0.0909,0.99,0.35,2.853
10/24/25,5,Campaign_D,10,1362,18,18.27,0,0,0.0132,0,1.01,,0
10/24/25,5,Campaign_E,20,1131,32,18.55,5,157.57,0.0283,0.1562,0.58,0.118,8.494
10/24/25,5,Campaign_F,25,2063,12,7.93,0,0,0.0058,0,0.66,,0
10/24/25,5,Campaign_G,5,1192,9,12.68,1,26.02,0.0076,0.1111,1.41,0.487,2.052
10/24/25,5,Campaign_H,10,1876,26,37.55,2,50.1,0.0139,0.0769,1.44,0.75,1.334
10/24/25,5,Campaign_I,10,1008,29,20.4,2,62.62,0.0288,0.069,0.7,0.326,3.07
10/24/25,5,Campaign_J,10,873,5,6.93,0,0,0.0057,0,1.39,,0
10/24/25,6,Campaign_A,20,283,0,0,0,0,0,0,0,,
10/24/25,6,Campaign_B,25,1868,30,17.98,3,72.91,0.0161,0.1,0.6,0.247,4.055
10/24/25,6,Campaign_C,15,0,34,25.01,3,74.54,0,0.0882,0.74,0.336,2.98
10/24/25,6,Campaign_D,10,0,40,33.55,2,65.15,0,0.05,0.84,0.515,1.942
10/24/25,6,Campaign_E,20,572,15,17.3,1,29.78,0.0262,0.0667,1.15,0.581,1.721
10/24/25,6,Campaign_F,25,428,4,2.92,0,0,0.0093,0,0.73,,0
10/24/25,6,Campaign_G,5,2415,69,81.01,0,0,0.0286,0,1.17,,0
10/24/25,6,Campaign_H,10,1469,31,28.23,0,0,0.0211,0,0.91,,0
10/24/25,6,Campaign_I,10,246,6,4.86,0,0,0.0244,0,0.81,,0
10/24/25,6,Campaign_J,10,1484,39,34.56,5,108.32,0.0263,0.1282,0.89,0.319,3.134
10/24/25,7,Campaign_A,20,753,0,0,0,0,0,0,0,,
10/24/25,7,Campaign_B,25,1847,42,27.65,0,0,0.0227,0,0.66,,0
10/24/25,7,Campaign_C,15,2198,64,62.04,4,95.41,0.0291,0.0625,0.97,0.65,1.538
10/24/25,7,Campaign_D,10,61,1,0.7,0,0,0.0164,0,0.7,,0
10/24/25,7,Campaign_E,20,1140,15,22.32,0,0,0.0132,0,1.49,,0
10/24/25,7,Campaign_F,25,2441,27,27.58,0,0,0.0111,0,1.02,,0
10/24/25,7,Campaign_G,5,0,10,5.22,0,0,0,0,0.52,,0
10/24/25,7,Campaign_H,10,1701,27,16.52,3,107.52,0.0159,0.1111,0.61,0.154,6.508
10/24/25,7,Campaign_I,10,1401,15,19.28,2,42.29,0.0107,0.1333,1.29,0.456,2.193
10/24/25,7,Campaign_J,10,982,6,4.58,0,0,0.0061,0,0.76,,0
10/24/25,8,Campaign_A,20,18,0,0,0,0,0,0,0,,
10/24/25,8,Campaign_B,25,276,4,3.43,0,0,0.0145,0,0.86,,0
10/24/25,8,Campaign_C,15,2003,0,0,0,0,0,0,0,,
10/24/25,8,Campaign_D,10,1391,39,54.97,0,0,0.028,0,1.41,,0
10/24/25,8,Campaign_E,20,1345,38,42.19,5,102.4,0.0283,0.1316,1.11,0.412,2.427
10/24/25,8,Campaign_F,25,257,4,5.98,0,0,0.0156,0,1.5,,0
10/24/25,8,Campaign_G,5,2471,22,21.96,1,30.88,0.0089,0.0455,1,0.711,1.406
10/24/25,8,Campaign_H,10,13,0,0,0,0,0,0,0,,
10/24/25,8,Campaign_I,10,1233,17,15.04,1,35.64,0.0138,0.0588,0.88,0.422,2.37
10/24/25,8,Campaign_J,10,919,12,10.06,0,0,0.0131,0,0.84,,0
10/24/25,9,Campaign_A,20,1545,0,0,0,0,0,0,0,,
10/24/25,9,Campaign_B,25,1169,0,0,0,0,0,0,0,,
10/24/25,9,Campaign_C,15,678,18,25.66,1,22.63,0.0265,0.0556,1.43,1.134,0.882
10/24/25,9,Campaign_D,10,1978,29,42.54,1,26.96,0.0147,0.0345,1.47,1.578,0.634
10/24/25,9,Campaign_E,20,1027,26,17.18,0,0,0.0253,0,0.66,,0
10/24/25,9,Campaign_F,25,0,0,0,0,0,0,0,0,,
10/24/25,9,Campaign_G,5,0,0,0,0,0,0,0,0,,
10/24/25,9,Campaign_H,10,2180,0,0,0,0,0,0,0,,
10/24/25,9,Campaign_I,10,2497,40,29.66,5,160.73,0.016,0.125,0.74,0.185,5.419
10/24/25,9,Campaign_J,10,502,0,0,0,0,0,0,0,,
10/24/25,10,Campaign_A,20,44,1,0.53,0,0,0.0227,0,0.53,,0
10/24/25,10,Campaign_B,25,2261,0,0,0,0,0,0,0,,
10/24/25,10,Campaign_C,15,687,7,4.13,0,0,0.0102,0,0.59,,0
10/24/25,10,Campaign_D,10,991,22,19.6,3,108.01,0.0222,0.1364,0.89,0.181,5.511
10/24/25,10,Campaign_E,20,868,5,5.03,0,0,0.0058,0,1.01,,0
10/24/25,10,Campaign_F,25,666,14,15.9,2,49.03,0.021,0.1429,1.14,0.324,3.084
10/24/25,10,Campaign_G,5,1371,30,39.35,2,69.08,0.0219,0.0667,1.31,0.57,1.756
10/24/25,10,Campaign_H,10,2131,0,0,0,0,0,0,0,,
10/24/25,10,Campaign_I,10,492,9,11.27,0,0,0.0183,0,1.25,,0
10/24/25,10,Campaign_J,10,516,9,9.42,0,0,0.0174,0,1.05,,0
10/24/25,11,Campaign_A,20,838,10,11.52,0,0,0.0119,0,1.15,,0
10/24/25,11,Campaign_B,25,2443,20,24.15,0,0,0.0082,0,1.21,,0
10/24/25,11,Campaign_C,15,1093,13,12.2,0,0,0.0119,0,0.94,,0
10/24/25,11,Campaign_D,10,1607,31,31.89,0,0,0.0193,0,1.03,,0
10/24/25,11,Campaign_E,20,1189,8,6.37,0,0,0.0067,0,0.8,,0
10/24/25,11,Campaign_F,25,86,0,0,0,0,0,0,0,,
10/24/25,11,Campaign_G,5,2397,51,47.72,0,0,0.0213,0,0.94,,0
10/24/25,11,Campaign_H,10,1882,24,22.68,1,27.73,0.0128,0.0417,0.94,0.818,1.223
10/24/25,11,Campaign_I,10,987,19,11.64,1,32.78,0.0193,0.0526,0.61,0.355,2.816
10/24/25,11,Campaign_J,10,2226,35,38.6,6,129,0.0157,0.1714,1.1,0.299,3.342
10/24/25,12,Campaign_A,20,0,31,18.35,5,151.42,0,0.1613,0.59,0.121,8.252
10/24/25,12,Campaign_B,25,280,6,3.58,0,0,0.0214,0,0.6,,0
10/24/25,12,Campaign_C,15,969,6,8.57,0,0,0.0062,0,1.43,,0
10/24/25,12,Campaign_D,10,48,0,0,0,0,0,0,0,,
10/24/25,12,Campaign_E,20,1005,25,20.17,0,0,0.0249,0,0.81,,0
10/24/25,12,Campaign_F,25,0,0,0,0,0,0,0,0,,
10/24/25,12,Campaign_G,5,258,6,5.76,0,0,0.0233,0,0.96,,0
10/24/25,12,Campaign_H,10,437,10,6.37,0,0,0.0229,0,0.64,,0
10/24/25,12,Campaign_I,10,485,3,3.78,0,0,0.0062,0,1.26,,0
10/24/25,12,Campaign_J,10,2078,43,50.9,5,186.96,0.0207,0.1163,1.18,0.272,3.673
10/24/25,13,Campaign_A,20,548,3,1.55,0,0,0.0055,0,0.52,,0
10/24/25,13,Campaign_B,25,677,6,4.7,1,28.81,0.0089,0.1667,0.78,0.163,6.13
10/24/25,13,Campaign_C,15,1840,37,43.48,3,67.57,0.0201,0.0811,1.18,0.643,1.554
10/24/25,13,Campaign_D,10,1908,0,0,0,0,0,0,0,,
10/24/25,13,Campaign_E,20,664,5,5.59,0,0,0.0075,0,1.12,,0
10/24/25,13,Campaign_F,25,2251,49,39.2,0,0,0.0218,0,0.8,,0
10/24/25,13,Campaign_G,5,1920,11,14.18,0,0,0.0057,0,1.29,,0
10/24/25,13,Campaign_H,10,1836,51,64.21,8,183.46,0.0278,0.1569,1.26,0.35,2.857
10/24/25,13,Campaign_I,10,2000,22,18.72,2,76.47,0.011,0.0909,0.85,0.245,4.085
10/24/25,13,Campaign_J,10,1860,28,22.25,3,75.14,0.0151,0.1071,0.79,0.296,3.377
10/24/25,14,Campaign_A,20,258,2,2.89,0,0,0.0078,0,1.45,,0
10/24/25,14,Campaign_B,25,275,4,3.21,0,0,0.0145,0,0.8,,0
10/24/25,14,Campaign_C,15,1135,28,28.41,1,28.47,0.0247,0.0357,1.01,0.998,1.002
10/24/25,14,Campaign_D,10,618,14,8.21,0,0,0.0227,0,0.59,,0
10/24/25,14,Campaign_E,20,913,16,18.06,0,0,0.0175,0,1.13,,0
10/24/25,14,Campaign_F,25,1211,23,15.26,3,118.8,0.019,0.1304,0.66,0.128,7.785
10/24/25,14,Campaign_G,5,1122,0,0,0,0,0,0,0,,
10/24/25,14,Campaign_H,10,1537,11,9.71,1,28.76,0.0072,0.0909,0.88,0.338,2.962
10/24/25,14,Campaign_I,10,1890,0,0,0,0,0,0,0,,
10/24/25,14,Campaign_J,10,1872,53,51.63,3,60.22,0.0283,0.0566,0.97,0.857,1.166
10/24/25,15,Campaign_A,20,0,10,8.75,0,0,0,0,0.88,,0
10/24/25,15,Campaign_B,25,719,20,13.48,0,0,0.0278,0,0.67,,0
10/24/25,15,Campaign_C,15,873,24,35.98,1,33.26,0.0275,0.0417,1.5,1.082,0.924
10/24/25,15,Campaign_D,10,1115,0,0,0,0,0,0,0,,
10/24/25,15,Campaign_E,20,1924,16,10.62,0,0,0.0083,0,0.66,,0
10/24/25,15,Campaign_F,25,473,0,0,0,0,0,0,0,,
10/24/25,15,Campaign_G,5,61,0,0,0,0,0,0,0,,
10/24/25,15,Campaign_H,10,0,0,0,0,0,0,0,0,,
10/24/25,15,Campaign_I,10,808,17,12.64,1,21.26,0.021,0.0588,0.74,0.595,1.682
10/24/25,15,Campaign_J,10,1353,31,35.26,0,0,0.0229,0,1.14,,0
10/24/25,16,Campaign_A,20,0,28,31.78,2,55.61,0,0.0714,1.13,0.571,1.75
10/24/25,16,Campaign_B,25,2032,46,30.1,1,32.87,0.0226,0.0217,0.65,0.916,1.092
10/24/25,16,Campaign_C,15,2013,20,20.12,0,0,0.0099,0,1.01,,0
10/24/25,16,Campaign_D,10,1352,13,10.96,0,0,0.0096,0,0.84,,0
10/24/25,16,Campaign_E,20,2258,0,0,0,0,0,0,0,,
10/24/25,16,Campaign_F,25,701,12,14.96,0,0,0.0171,0,1.25,,0
10/24/25,16,Campaign_G,5,228,5,5.44,0,0,0.0219,0,1.09,,0
10/24/25,16,Campaign_H,10,0,26,27.07,0,0,0,0,1.04,,0
10/24/25,16,Campaign_I,10,17,0,0,0,0,0,0,0,,
10/24/25,16,Campaign_J,10,1711,29,37.72,3,95.17,0.0169,0.1034,1.3,0.396,2.523
10/24/25,17,Campaign_A,20,1095,0,0,0,0,0,0,0,,
10/24/25,17,Campaign_B,25,2117,54,77.48,8,233.04,0.0255,0.1481,1.43,0.332,3.008
10/24/25,17,Campaign_C,15,1127,8,10.22,0,0,0.0071,0,1.28,,0
10/24/25,17,Campaign_D,10,780,22,19.41,0,0,0.0282,0,0.88,,0
10/24/25,17,Campaign_E,20,703,0,0,0,0,0,0,0,,
10/24/25,17,Campaign_F,25,1395,40,39.19,1,28.25,0.0287,0.025,0.98,1.387,0.721
10/24/25,17,Campaign_G,5,1547,10,14.88,1,33.69,0.0065,0.1,1.49,0.442,2.264
10/24/25,17,Campaign_H,10,0,31,21.91,2,44.15,0,0.0645,0.71,0.496,2.015
10/24/25,17,Campaign_I,10,0,22,25.97,1,23.19,0,0.0455,1.18,1.12,0.893
10/24/25,17,Campaign_J,10,1357,0,0,0,0,0,0,0,,
10/24/25,18,Campaign_A,20,1416,0,0,0,0,0,0,0,,
10/24/25,18,Campaign_B,25,282,8,7.87,1,21.75,0.0284,0.125,0.98,0.362,2.764
10/24/25,18,Campaign_C,15,1779,18,18.76,0,0,0.0101,0,1.04,,0
10/24/25,18,Campaign_D,10,1092,0,0,0,0,0,0,0,,
10/24/25,18,Campaign_E,20,672,7,7.26,0,0,0.0104,0,1.04,,0
10/24/25,18,Campaign_F,25,538,15,7.7,1,29.98,0.0279,0.0667,0.51,0.257,3.894
10/24/25,18,Campaign_G,5,37,0,0,0,0,0,0,0,,
10/24/25,18,Campaign_H,10,1049,0,0,0,0,0,0,0,,
10/24/25,18,Campaign_I,10,818,21,12.26,3,95.1,0.0257,0.1429,0.58,0.129,7.757
10/24/25,18,Campaign_J,10,1228,0,0,0,0,0,0,0,,
10/24/25,19,Campaign_A,20,1438,14,14.29,2,50.43,0.0097,0.1429,1.02,0.283,3.529
10/24/25,19,Campaign_B,25,550,15,8.69,0,0,0.0273,0,0.58,,0
10/24/25,19,Campaign_C,15,1612,46,27.45,3,105.79,0.0285,0.0652,0.6,0.259,3.854
10/24/25,19,Campaign_D,10,977,7,4.39,0,0,0.0072,0,0.63,,0
10/24/25,19,Campaign_E,20,1102,19,19.26,2,55.77,0.0172,0.1053,1.01,0.345,2.896
10/24/25,19,Campaign_F,25,1810,45,37.74,0,0,0.0249,0,0.84,,0
10/24/25,19,Campaign_G,5,1553,30,42.53,3,91.67,0.0193,0.1,1.42,0.464,2.155
10/24/25,19,Campaign_H,10,920,7,5.64,0,0,0.0076,0,0.81,,0
10/24/25,19,Campaign_I,10,1788,28,38.56,1,25.97,0.0157,0.0357,1.38,1.485,0.673
10/24/25,19,Campaign_J,10,2068,60,44.61,8,192.96,0.029,0.1333,0.74,0.231,4.325
10/24/25,20,Campaign_A,20,436,2,1.68,0,0,0.0046,0,0.84,,0
10/24/25,20,Campaign_B,25,236,6,5.12,0,0,0.0254,0,0.85,,0
10/24/25,20,Campaign_C,15,1759,16,11.14,2,55.05,0.0091,0.125,0.7,0.202,4.942
10/24/25,20,Campaign_D,10,2335,0,0,0,0,0,0,0,,
10/24/25,20,Campaign_E,20,136,2,2.34,0,0,0.0147,0,1.17,,0
10/24/25,20,Campaign_F,25,2100,16,21.84,2,44.61,0.0076,0.125,1.37,0.49,2.043
10/24/25,20,Campaign_G,5,414,8,5.56,0,0,0.0193,0,0.69,,0
10/24/25,20,Campaign_H,10,213,6,5.8,0,0,0.0282,0,0.97,,0
10/24/25,20,Campaign_I,10,2486,0,0,0,0,0,0,0,,
10/24/25,20,Campaign_J,10,904,25,13.76,0,0,0.0277,0,0.55,,0
10/24/25,21,Campaign_A,20,1435,31,46.36,3,115.39,0.0216,0.0968,1.5,0.402,2.489
10/24/25,21,Campaign_B,25,817,18,17.1,2,65.98,0.022,0.1111,0.95,0.259,3.858
10/24/25,21,Campaign_C,15,1681,10,13.36,1,31.23,0.0059,0.1,1.34,0.428,2.338
10/24/25,21,Campaign_D,10,611,11,11.09,0,0,0.018,0,1.01,,0
10/24/25,21,Campaign_E,20,1181,29,18.43,0,0,0.0246,0,0.64,,0
10/24/25,21,Campaign_F,25,228,1,0.5,0,0,0.0044,0,0.5,,0
10/24/25,21,Campaign_G,5,843,0,0,0,0,0,0,0,,
10/24/25,21,Campaign_H,10,1942,53,67.17,5,131.56,0.0273,0.0943,1.27,0.511,1.959
10/24/25,21,Campaign_I,10,2327,51,37.92,2,50.72,0.0219,0.0392,0.74,0.748,1.338
10/24/25,21,Campaign_J,10,2375,33,42.85,1,27.33,0.0139,0.0303,1.3,1.568,0.638
10/24/25,22,Campaign_A,20,1485,13,11.11,1,20.08,0.0088,0.0769,0.85,0.553,1.807
10/24/25,22,Campaign_B,25,875,8,9.15,1,37.88,0.0091,0.125,1.14,0.242,4.14
10/24/25,22,Campaign_C,15,1724,17,17,0,0,0.0099,0,1,,0
10/24/25,22,Campaign_D,10,792,0,0,0,0,0,0,0,,
10/24/25,22,Campaign_E,20,2166,26,23.1,0,0,0.012,0,0.89,,0
10/24/25,22,Campaign_F,25,283,6,3.72,0,0,0.0212,0,0.62,,0
10/24/25,22,Campaign_G,5,1482,0,0,0,0,0,0,0,,
10/24/25,22,Campaign_H,10,1959,53,61.71,8,313.86,0.0271,0.1509,1.16,0.197,5.086
10/24/25,22,Campaign_I,10,711,8,5.56,0,0,0.0113,0,0.69,,0
10/24/25,22,Campaign_J,10,2282,33,19.88,1,26.06,0.0145,0.0303,0.6,0.763,1.311
10/24/25,23,Campaign_A,20,2134,31,42.41,2,43.33,0.0145,0.0645,1.37,0.979,1.022
10/24/25,23,Campaign_B,25,151,0,0,0,0,0,0,0,,
10/24/25,23,Campaign_C,15,806,13,12.26,1,30.52,0.0161,0.0769,0.94,0.402,2.489
10/24/25,23,Campaign_D,10,1918,26,20.01,4,137.88,0.0136,0.1538,0.77,0.145,6.891
10/24/25,23,Campaign_E,20,404,0,0,0,0,0,0,0,,
10/24/25,23,Campaign_F,25,114,2,1.16,0,0,0.0175,0,0.58,,0
10/24/25,23,Campaign_G,5,368,4,2.95,0,0,0.0109,0,0.74,,0
10/24/25,23,Campaign_H,10,2100,23,15.87,1,24.95,0.011,0.0435,0.69,0.636,1.572
10/24/25,23,Campaign_I,10,1438,30,41.05,4,101.46,0.0209,0.1333,1.37,0.405,2.472
10/24/25,23,Campaign_J,10,0,0,0,0,0,0,0,0,,
10/25/25,0,Campaign_A,20,566,13,18.92,0,0,0.023,0,1.46,,0
10/25/25,0,Campaign_B,25,344,5,4.78,0,0,0.0145,0,0.96,,0
10/25/25,0,Campaign_C,15,462,3,2.08,0,0,0.0065,0,0.69,,0
10/25/25,0,Campaign_D,10,1014,23,31.97,2,41.11,0.0227,0.087,1.39,0.778,1.286
10/25/25,0,Campaign_E,20,98,2,2.98,0,0,0.0204,0,1.49,,0
10/25/25,0,Campaign_F,25,391,5,7.45,0,0,0.0128,0,1.49,,0
10/25/25,0,Campaign_G,5,1531,40,28.14,1,37.77,0.0261,0.025,0.7,0.745,1.342
10/25/25,0,Campaign_H,10,165,2,1.42,0,0,0.0121,0,0.71,,0
10/25/25,0,Campaign_I,10,1958,30,37.86,5,146.53,0.0153,0.1667,1.26,0.258,3.87
10/25/25,0,Campaign_J,10,225,2,2.9,0,0,0.0089,0,1.45,,0
10/25/25,1,Campaign_A,20,1109,25,14.39,3,82.72,0.0225,0.12,0.58,0.174,5.748
10/25/25,1,Campaign_B,25,0,41,50.14,0,0,0,0,1.22,,0
10/25/25,1,Campaign_C,15,38,0,0,0,0,0,0,0,,
10/25/25,1,Campaign_D,10,2208,14,20.96,1,38.13,0.0063,0.0714,1.5,0.55,1.819
10/25/25,1,Campaign_E,20,1666,17,20.25,2,59.47,0.0102,0.1176,1.19,0.341,2.937
10/25/25,1,Campaign_F,25,511,3,4.3,0,0,0.0059,0,1.43,,0
10/25/25,1,Campaign_G,5,837,24,24.41,0,0,0.0287,0,1.02,,0
10/25/25,1,Campaign_H,10,1973,46,39.55,8,177.98,0.0233,0.1739,0.86,0.222,4.5
10/25/25,1,Campaign_I,10,913,15,11.65,0,0,0.0164,0,0.78,,0
10/25/25,1,Campaign_J,10,838,12,7.57,0,0,0.0143,0,0.63,,0
10/25/25,2,Campaign_A,20,1232,35,46.94,0,0,0.0284,0,1.34,,0
10/25/25,2,Campaign_B,25,34,0,0,0,0,0,0,0,,
10/25/25,2,Campaign_C,15,1558,21,28.86,0,0,0.0135,0,1.37,,0
10/25/25,2,Campaign_D,10,1151,23,23.85,2,58.87,0.02,0.087,1.04,0.405,2.468
10/25/25,2,Campaign_E,20,1020,0,0,0,0,0,0,0,,
10/25/25,2,Campaign_F,25,1659,42,44.29,7,141.27,0.0253,0.1667,1.05,0.314,3.19
10/25/25,2,Campaign_G,5,1606,45,25.26,5,197.06,0.028,0.1111,0.56,0.128,7.801
10/25/25,2,Campaign_H,10,164,2,2.39,0,0,0.0122,0,1.2,,0
10/25/25,2,Campaign_I,10,138,1,0.51,0,0,0.0072,0,0.51,,0
10/25/25,2,Campaign_J,10,1462,7,7.66,0,0,0.0048,0,1.09,,0
10/25/25,3,Campaign_A,20,1699,0,0,0,0,0,0,0,,
10/25/25,3,Campaign_B,25,665,0,0,0,0,0,0,0,,
10/25/25,3,Campaign_C,15,227,4,2.24,0,0,0.0176,0,0.56,,0
10/25/25,3,Campaign_D,10,2322,66,77.16,6,125.9,0.0284,0.0909,1.17,0.613,1.632
10/25/25,3,Campaign_E,20,729,8,9.56,0,0,0.011,0,1.2,,0
10/25/25,3,Campaign_F,25,702,5,5.41,0,0,0.0071,0,1.08,,0
10/25/25,3,Campaign_G,5,202,3,3.96,0,0,0.0149,0,1.32,,0
10/25/25,3,Campaign_H,10,0,53,31.9,3,82.28,0,0.0566,0.6,0.388,2.579
10/25/25,3,Campaign_I,10,2098,26,33.27,4,102.87,0.0124,0.1538,1.28,0.323,3.092
10/25/25,3,Campaign_J,10,2315,43,27.45,4,131.15,0.0186,0.093,0.64,0.209,4.778
10/25/25,4,Campaign_A,20,1687,27,24.49,1,32.04,0.016,0.037,0.91,0.764,1.308
10/25/25,4,Campaign_B,25,197,5,6.99,0,0,0.0254,0,1.4,,0
10/25/25,4,Campaign_C,15,2118,21,19.51,2,45.99,0.0099,0.0952,0.93,0.424,2.357
10/25/25,4,Campaign_D,10,809,18,23.55,2,52.23,0.0222,0.1111,1.31,0.451,2.218
10/25/25,4,Campaign_E,20,2443,57,48.2,3,63.8,0.0233,0.0526,0.85,0.755,1.324
10/25/25,4,Campaign_F,25,1886,36,49.48,0,0,0.0191,0,1.37,,0
10/25/25,4,Campaign_G,5,421,9,7.28,0,0,0.0214,0,0.81,,0
10/25/25,4,Campaign_H,10,1947,42,54.73,3,77.03,0.0216,0.0714,1.3,0.711,1.407
10/25/25,4,Campaign_I,10,425,9,11.78,1,34.91,0.0212,0.1111,1.31,0.337,2.963
10/25/25,4,Campaign_J,10,307,3,3.9,0,0,0.0098,0,1.3,,0
10/25/25,5,Campaign_A,20,556,4,5.29,0,0,0.0072,0,1.32,,0
10/25/25,5,Campaign_B,25,637,7,9.71,0,0,0.011,0,1.39,,0
10/25/25,5,Campaign_C,15,191,1,1.46,0,0,0.0052,0,1.46,,0
10/25/25,5,Campaign_D,10,2249,30,43.31,0,0,0.0133,0,1.44,,0
10/25/25,5,Campaign_E,20,1490,36,44.55,3,104.86,0.0242,0.0833,1.24,0.425,2.354
10/25/25,5,Campaign_F,25,2018,30,24.13,0,0,0.0149,0,0.8,,0
10/25/25,5,Campaign_G,5,235,3,4.5,0,0,0.0128,0,1.5,,0
10/25/25,5,Campaign_H,10,581,3,3.18,0,0,0.0052,0,1.06,,0
10/25/25,5,Campaign_I,10,1571,12,7.98,0,0,0.0076,0,0.66,,0
10/25/25,5,Campaign_J,10,1564,20,18.52,2,50.98,0.0128,0.1,0.93,0.363,2.753
10/25/25,6,Campaign_A,20,1939,52,70.23,8,208.56,0.0268,0.1538,1.35,0.337,2.97
10/25/25,6,Campaign_B,25,1088,8,6.04,0,0,0.0074,0,0.75,,0
10/25/25,6,Campaign_C,15,1833,25,32.95,3,93.89,0.0136,0.12,1.32,0.351,2.849
10/25/25,6,Campaign_D,10,1936,41,22.74,6,191.71,0.0212,0.1463,0.55,0.119,8.431
10/25/25,6,Campaign_E,20,981,16,23.45,2,47.89,0.0163,0.125,1.47,0.49,2.042
10/25/25,6,Campaign_F,25,1129,9,12.18,0,0,0.008,0,1.35,,0
10/25/25,6,Campaign_G,5,1348,12,7.91,2,46.68,0.0089,0.1667,0.66,0.169,5.901
10/25/25,6,Campaign_H,10,1377,9,8.25,1,21.43,0.0065,0.1111,0.92,0.385,2.598
10/25/25,6,Campaign_I,10,1646,46,23.89,5,127.52,0.0279,0.1087,0.52,0.187,5.338
10/25/25,6,Campaign_J,10,1098,0,0,0,0,0,0,0,,
10/25/25,7,Campaign_A,20,530,13,15.8,0,0,0.0245,0,1.22,,0
10/25/25,7,Campaign_B,25,1612,0,0,0,0,0,0,0,,
10/25/25,7,Campaign_C,15,826,13,16.49,1,24.12,0.0157,0.0769,1.27,0.684,1.463
10/25/25,7,Campaign_D,10,0,45,64.65,0,0,0,0,1.44,,0
10/25/25,7,Campaign_E,20,449,9,12.01,0,0,0.02,0,1.33,,0
10/25/25,7,Campaign_F,25,185,2,1.4,0,0,0.0108,0,0.7,,0
10/25/25,7,Campaign_G,5,222,5,3.87,0,0,0.0225,0,0.77,,0
10/25/25,7,Campaign_H,10,2015,20,13.46,3,96.92,0.0099,0.15,0.67,0.139,7.201
10/25/25,7,Campaign_I,10,1070,27,36.46,3,99.37,0.0252,0.1111,1.35,0.367,2.725
10/25/25,7,Campaign_J,10,1099,13,15,0,0,0.0118,0,1.15,,0
10/25/25,8,Campaign_A,20,1465,28,22.56,3,60.28,0.0191,0.1071,0.81,0.374,2.672
10/25/25,8,Campaign_B,25,2399,29,35.12,4,99.44,0.0121,0.1379,1.21,0.353,2.831
10/25/25,8,Campaign_C,15,42,0,0,0,0,0,0,0,,
10/25/25,8,Campaign_D,10,1012,12,9.83,2,74.83,0.0119,0.1667,0.82,0.131,7.612
10/25/25,8,Campaign_E,20,1533,34,31.09,0,0,0.0222,0,0.91,,0
10/25/25,8,Campaign_F,25,745,0,0,0,0,0,0,0,,
10/25/25,8,Campaign_G,5,1269,15,12.8,0,0,0.0118,0,0.85,,0
10/25/25,8,Campaign_H,10,1874,18,24.03,1,28.59,0.0096,0.0556,1.33,0.841,1.19
10/25/25,8,Campaign_I,10,1543,0,0,0,0,0,0,0,,
10/25/25,8,Campaign_J,10,1806,24,33.51,2,68.23,0.0133,0.0833,1.4,0.491,2.036
10/25/25,9,Campaign_A,20,1510,0,0,0,0,0,0,0,,
10/25/25,9,Campaign_B,25,1648,23,19.46,1,33.52,0.014,0.0435,0.85,0.581,1.723
10/25/25,9,Campaign_C,15,1956,22,15.21,3,74.48,0.0112,0.1364,0.69,0.204,4.897
10/25/25,9,Campaign_D,10,923,6,7.44,0,0,0.0065,0,1.24,,0
10/25/25,9,Campaign_E,20,620,4,2.01,0,0,0.0065,0,0.5,,0
10/25/25,9,Campaign_F,25,1379,27,36.08,2,61.51,0.0196,0.0741,1.34,0.587,1.705
10/25/25,9,Campaign_G,5,0,5,7.16,0,0,0,0,1.43,,0
10/25/25,9,Campaign_H,10,1375,7,9.65,1,29.68,0.0051,0.1429,1.38,0.325,3.076
10/25/25,9,Campaign_I,10,629,10,10.56,0,0,0.0159,0,1.06,,0
10/25/25,9,Campaign_J,10,1195,19,15.92,1,38.49,0.0159,0.0526,0.84,0.414,2.418
10/25/25,10,Campaign_A,20,1750,24,13.79,1,31.48,0.0137,0.0417,0.57,0.438,2.283
10/25/25,10,Campaign_B,25,0,19,14.4,1,25.95,0,0.0526,0.76,0.555,1.802
10/25/25,10,Campaign_C,15,1426,7,5.67,0,0,0.0049,0,0.81,,0
10/25/25,10,Campaign_D,10,584,16,13.71,2,41.75,0.0274,0.125,0.86,0.328,3.045
10/25/25,10,Campaign_E,20,742,0,0,0,0,0,0,0,,
10/25/25,10,Campaign_F,25,1398,28,14.79,4,113.27,0.02,0.1429,0.53,0.131,7.659
10/25/25,10,Campaign_G,5,1181,0,0,0,0,0,0,0,,
10/25/25,10,Campaign_H,10,1748,31,17.54,3,114.45,0.0177,0.0968,0.57,0.153,6.525
10/25/25,10,Campaign_I,10,316,5,2.91,0,0,0.0158,0,0.58,,0
10/25/25,10,Campaign_J,10,1009,28,32.8,0,0,0.0278,0,1.17,,0
10/25/25,11,Campaign_A,20,2133,50,58.45,0,0,0.0234,0,1.17,,0
10/25/25,11,Campaign_B,25,2178,46,25.13,5,189.12,0.0211,0.1087,0.55,0.133,7.526
10/25/25,11,Campaign_C,15,509,8,4.83,1,25.41,0.0157,0.125,0.6,0.19,5.261
10/25/25,11,Campaign_D,10,106,1,1.24,0,0,0.0094,0,1.24,,0
10/25/25,11,Campaign_E,20,1233,25,13.8,2,50.5,0.0203,0.08,0.55,0.273,3.659
10/25/25,11,Campaign_F,25,1879,51,66.69,2,78.48,0.0271,0.0392,1.31,0.85,1.177
10/25/25,11,Campaign_G,5,2423,39,57.78,0,0,0.0161,0,1.48,,0
10/25/25,11,Campaign_H,10,122,2,2.19,0,0,0.0164,0,1.09,,0
10/25/25,11,Campaign_I,10,1717,41,31.28,4,101.21,0.0239,0.0976,0.76,0.309,3.236
10/25/25,11,Campaign_J,10,567,11,15.57,1,28.77,0.0194,0.0909,1.42,0.541,1.848
10/25/25,12,Campaign_A,20,2258,32,21.46,3,68.85,0.0142,0.0938,0.67,0.312,3.208
10/25/25,12,Campaign_B,25,1891,0,0,0,0,0,0,0,,
10/25/25,12,Campaign_C,15,326,9,5.68,1,39.44,0.0276,0.1111,0.63,0.144,6.944
10/25/25,12,Campaign_D,10,2120,39,41.4,0,0,0.0184,0,1.06,,0
10/25/25,12,Campaign_E,20,123,1,0.64,0,0,0.0081,0,0.64,,0
10/25/25,12,Campaign_F,25,1025,26,26.83,0,0,0.0254,0,1.03,,0
10/25/25,12,Campaign_G,5,206,1,1.41,0,0,0.0049,0,1.41,,0
10/25/25,12,Campaign_H,10,1597,18,25.65,1,36.34,0.0113,0.0556,1.42,0.706,1.417
10/25/25,12,Campaign_I,10,2245,11,7.61,1,27.1,0.0049,0.0909,0.69,0.281,3.561
10/25/25,12,Campaign_J,10,324,0,0,0,0,0,0,0,,
10/25/25,13,Campaign_A,20,559,3,3.79,0,0,0.0054,0,1.26,,0
10/25/25,13,Campaign_B,25,460,3,3.01,0,0,0.0065,0,1,,0
10/25/25,13,Campaign_C,15,2315,0,0,0,0,0,0,0,,
10/25/25,13,Campaign_D,10,256,2,1.97,0,0,0.0078,0,0.99,,0
10/25/25,13,Campaign_E,20,1979,24,13.73,3,88.8,0.0121,0.125,0.57,0.155,6.468
10/25/25,13,Campaign_F,25,976,5,4.02,0,0,0.0051,0,0.8,,0
10/25/25,13,Campaign_G,5,2421,0,0,0,0,0,0,0,,
10/25/25,13,Campaign_H,10,712,7,8.42,0,0,0.0098,0,1.2,,0
10/25/25,13,Campaign_I,10,213,2,2.15,0,0,0.0094,0,1.07,,0
10/25/25,13,Campaign_J,10,1204,8,11.38,0,0,0.0066,0,1.42,,0
10/25/25,14,Campaign_A,20,472,8,9.55,0,0,0.0169,0,1.19,,0
10/25/25,14,Campaign_B,25,1896,38,40.15,1,23.24,0.02,0.0263,1.06,1.728,0.579
10/25/25,14,Campaign_C,15,146,4,5.5,0,0,0.0274,0,1.38,,0
10/25/25,14,Campaign_D,10,1444,14,18.98,0,0,0.0097,0,1.36,,0
10/25/25,14,Campaign_E,20,2411,30,22.89,0,0,0.0124,0,0.76,,0
10/25/25,14,Campaign_F,25,1011,11,11.02,1,31.6,0.0109,0.0909,1,0.349,2.868
10/25/25,14,Campaign_G,5,2289,0,0,0,0,0,0,0,,
10/25/25,14,Campaign_H,10,1440,19,12.98,2,69.56,0.0132,0.1053,0.68,0.187,5.359
10/25/25,14,Campaign_I,10,463,4,3,0,0,0.0086,0,0.75,,0
10/25/25,14,Campaign_J,10,1803,34,24.37,5,117.57,0.0189,0.1471,0.72,0.207,4.824
10/25/25,15,Campaign_A,20,656,4,4.06,0,0,0.0061,0,1.02,,0
10/25/25,15,Campaign_B,25,1648,11,13.09,1,29.38,0.0067,0.0909,1.19,0.446,2.244
10/25/25,15,Campaign_C,15,1283,23,31.92,1,23.67,0.0179,0.0435,1.39,1.349,0.742
10/25/25,15,Campaign_D,10,2233,0,0,0,0,0,0,0,,
10/25/25,15,Campaign_E,20,2332,0,0,0,0,0,0,0,,
10/25/25,15,Campaign_F,25,1881,0,0,0,0,0,0,0,,
10/25/25,15,Campaign_G,5,2223,50,57.54,0,0,0.0225,0,1.15,,0
10/25/25,15,Campaign_H,10,212,5,4.99,0,0,0.0236,0,1,,0
10/25/25,15,Campaign_I,10,1782,35,26.5,2,76.55,0.0196,0.0571,0.76,0.346,2.889
10/25/25,15,Campaign_J,10,2091,29,33.37,2,72.72,0.0139,0.069,1.15,0.459,2.179
10/25/25,16,Campaign_A,20,1733,0,0,0,0,0,0,0,,
10/25/25,16,Campaign_B,25,0,15,20.57,1,22.76,0,0.0667,1.37,0.904,1.106
10/25/25,16,Campaign_C,15,466,8,7.37,0,0,0.0172,0,0.92,,0
10/25/25,16,Campaign_D,10,469,10,7.13,1,37.34,0.0213,0.1,0.71,0.191,5.237
10/25/25,16,Campaign_E,20,1486,27,17,4,113.2,0.0182,0.1481,0.63,0.15,6.659
10/25/25,16,Campaign_F,25,1184,33,17.24,0,0,0.0279,0,0.52,,0
10/25/25,16,Campaign_G,5,1110,19,23.72,1,34.42,0.0171,0.0526,1.25,0.689,1.451
10/25/25,16,Campaign_H,10,2153,40,44.51,4,131.24,0.0186,0.1,1.11,0.339,2.949
10/25/25,16,Campaign_I,10,710,8,5.19,0,0,0.0113,0,0.65,,0
10/25/25,16,Campaign_J,10,2431,33,22.83,0,0,0.0136,0,0.69,,0
10/25/25,17,Campaign_A,20,1773,27,25.89,4,128.3,0.0152,0.1481,0.96,0.202,4.956
10/25/25,17,Campaign_B,25,2134,61,58.86,5,118.86,0.0286,0.082,0.96,0.495,2.019
10/25/25,17,Campaign_C,15,172,1,0.53,0,0,0.0058,0,0.53,,0
10/25/25,17,Campaign_D,10,380,10,13.21,0,0,0.0263,0,1.32,,0
10/25/25,17,Campaign_E,20,1042,29,23.14,1,38.65,0.0278,0.0345,0.8,0.599,1.67
10/25/25,17,Campaign_F,25,2474,69,61.71,0,0,0.0279,0,0.89,,0
10/25/25,17,Campaign_G,5,456,10,7.22,1,28.89,0.0219,0.1,0.72,0.25,4.001
10/25/25,17,Campaign_H,10,1832,47,29.03,2,40.47,0.0257,0.0426,0.62,0.717,1.394
10/25/25,17,Campaign_I,10,1348,17,13.81,2,73.91,0.0126,0.1176,0.81,0.187,5.352
10/25/25,17,Campaign_J,10,2046,42,34.15,0,0,0.0205,0,0.81,,0
10/25/25,18,Campaign_A,20,0,62,70.59,0,0,0,0,1.14,,0
10/25/25,18,Campaign_B,25,1882,30,19.72,3,99.04,0.0159,0.1,0.66,0.199,5.022
10/25/25,18,Campaign_C,15,2440,39,38.56,3,119.02,0.016,0.0769,0.99,0.324,3.087
10/25/25,18,Campaign_D,10,1677,45,28.29,7,276.41,0.0268,0.1556,0.63,0.102,9.771
10/25/25,18,Campaign_E,20,552,8,9.51,0,0,0.0145,0,1.19,,0
10/25/25,18,Campaign_F,25,2305,0,0,0,0,0,0,0,,
10/25/25,18,Campaign_G,5,1868,47,28.68,2,74,0.0252,0.0426,0.61,0.388,2.58
10/25/25,18,Campaign_H,10,2116,37,42.28,5,134.23,0.0175,0.1351,1.14,0.315,3.175
10/25/25,18,Campaign_I,10,1004,13,13.16,1,25.83,0.0129,0.0769,1.01,0.509,1.963
10/25/25,18,Campaign_J,10,768,4,4.46,0,0,0.0052,0,1.11,,0
10/25/25,19,Campaign_A,20,426,5,2.86,0,0,0.0117,0,0.57,,0
10/25/25,19,Campaign_B,25,142,1,1.4,0,0,0.007,0,1.4,,0
10/25/25,19,Campaign_C,15,0,34,18.06,4,122.99,0,0.1176,0.53,0.147,6.81
10/25/25,19,Campaign_D,10,222,1,0.78,0,0,0.0045,0,0.78,,0
10/25/25,19,Campaign_E,20,1093,30,31.62,0,0,0.0274,0,1.05,,0
10/25/25,19,Campaign_F,25,988,0,0,0,0,0,0,0,,
10/25/25,19,Campaign_G,5,1206,19,27.73,1,37.49,0.0158,0.0526,1.46,0.74,1.352
10/25/25,19,Campaign_H,10,1780,49,28.36,2,69.44,0.0275,0.0408,0.58,0.408,2.449
10/25/25,19,Campaign_I,10,178,2,2.48,0,0,0.0112,0,1.24,,0
10/25/25,19,Campaign_J,10,1187,9,11.24,1,37.84,0.0076,0.1111,1.25,0.297,3.367
10/25/25,20,Campaign_A,20,591,0,0,0,0,0,0,0,,
10/25/25,20,Campaign_B,25,187,4,5.15,0,0,0.0214,0,1.29,,0
10/25/25,20,Campaign_C,15,437,9,7.51,0,0,0.0206,0,0.83,,0
10/25/25,20,Campaign_D,10,1124,28,26.75,0,0,0.0249,0,0.96,,0
10/25/25,20,Campaign_E,20,2328,48,43.18,5,167.89,0.0206,0.1042,0.9,0.257,3.888
10/25/25,20,Campaign_F,25,1938,22,31.55,1,37.12,0.0114,0.0455,1.43,0.85,1.177
10/25/25,20,Campaign_G,5,0,20,12.46,1,22.31,0,0.05,0.62,0.558,1.791
10/25/25,20,Campaign_H,10,1892,56,75.29,5,161.51,0.0296,0.0893,1.34,0.466,2.145
10/25/25,20,Campaign_I,10,1425,22,16.58,3,94.01,0.0154,0.1364,0.75,0.176,5.67
10/25/25,20,Campaign_J,10,2015,58,61.29,9,213.16,0.0288,0.1552,1.06,0.288,3.478
10/25/25,21,Campaign_A,20,1859,13,9.18,0,0,0.007,0,0.71,,0
10/25/25,21,Campaign_B,25,2367,34,31.94,0,0,0.0144,0,0.94,,0
10/25/25,21,Campaign_C,15,897,19,25.96,0,0,0.0212,0,1.37,,0
10/25/25,21,Campaign_D,10,1699,13,17.38,0,0,0.0077,0,1.34,,0
10/25/25,21,Campaign_E,20,1255,10,6.98,0,0,0.008,0,0.7,,0
10/25/25,21,Campaign_F,25,427,6,5.58,0,0,0.0141,0,0.93,,0
10/25/25,21,Campaign_G,5,2111,12,12.43,1,27.74,0.0057,0.0833,1.04,0.448,2.232
10/25/25,21,Campaign_H,10,2040,0,0,0,0,0,0,0,,
10/25/25,21,Campaign_I,10,727,0,0,0,0,0,0,0,,
10/25/25,21,Campaign_J,10,2447,35,37.49,2,43.01,0.0143,0.0571,1.07,0.872,1.147
10/25/25,22,Campaign_A,20,1196,20,19.81,3,94.62,0.0167,0.15,0.99,0.209,4.776
10/25/25,22,Campaign_B,25,306,7,3.81,0,0,0.0229,0,0.54,,0
10/25/25,22,Campaign_C,15,302,7,6.53,0,0,0.0232,0,0.93,,0
10/25/25,22,Campaign_D,10,537,0,0,0,0,0,0,0,,
10/25/25,22,Campaign_E,20,0,23,18.77,2,44.23,0,0.087,0.82,0.424,2.356
10/25/25,22,Campaign_F,25,756,18,22.85,1,25.25,0.0238,0.0556,1.27,0.905,1.105
10/25/25,22,Campaign_G,5,438,3,4.17,0,0,0.0068,0,1.39,,0
10/25/25,22,Campaign_H,10,2287,48,42.31,0,0,0.021,0,0.88,,0
10/25/25,22,Campaign_I,10,157,4,3.38,0,0,0.0255,0,0.85,,0
10/25/25,22,Campaign_J,10,665,0,0,0,0,0,0,0,,
10/25/25,23,Campaign_A,20,254,7,5.21,0,0,0.0276,0,0.74,,0
10/25/25,23,Campaign_B,25,0,24,18.6,0,0,0,0,0.77,,0
10/25/25,23,Campaign_C,15,2457,69,52.39,0,0,0.0281,0,0.76,,0
10/25/25,23,Campaign_D,10,1145,20,25.15,2,48.01,0.0175,0.1,1.26,0.524,1.909
10/25/25,23,Campaign_E,20,2268,54,53.07,8,207.63,0.0238,0.1481,0.98,0.256,3.912
10/25/25,23,Campaign_F,25,1287,33,25.54,1,25.46,0.0256,0.0303,0.77,1.003,0.997
10/25/25,23,Campaign_G,5,1458,23,28.07,1,38.45,0.0158,0.0435,1.22,0.73,1.37
10/25/25,23,Campaign_H,10,1272,0,0,0,0,0,0,0,,
10/25/25,23,Campaign_I,10,922,5,4.49,0,0,0.0054,0,0.9,,0
10/25/25,23,Campaign_J,10,1525,25,33.55,2,49.2,0.0164,0.08,1.34,0.682,1.466
10/26/25,0,Campaign_A,20,2209,56,73.14,7,174.39,0.0254,0.125,1.31,0.419,2.384
10/26/25,0,Campaign_B,25,472,0,0,0,0,0,0,0,,
10/26/25,0,Campaign_C,15,878,22,21.05,3,66.14,0.0251,0.1364,0.96,0.318,3.142
10/26/25,0,Campaign_D,10,0,11,15.07,0,0,0,0,1.37,,0
10/26/25,0,Campaign_E,20,760,5,5.76,0,0,0.0066,0,1.15,,0
10/26/25,0,Campaign_F,25,132,2,1.51,0,0,0.0152,0,0.76,,0
10/26/25,0,Campaign_G,5,577,9,9.64,0,0,0.0156,0,1.07,,0
10/26/25,0,Campaign_H,10,1660,22,27.07,3,117.09,0.0133,0.1364,1.23,0.231,4.325
10/26/25,0,Campaign_I,10,1649,12,17.41,0,0,0.0073,0,1.45,,0
10/26/25,0,Campaign_J,10,1941,27,17.13,4,112.74,0.0139,0.1481,0.63,0.152,6.581
10/26/25,1,Campaign_A,20,253,1,1.26,0,0,0.004,0,1.26,,0
10/26/25,1,Campaign_B,25,1929,19,24.14,1,39.47,0.0098,0.0526,1.27,0.612,1.635
10/26/25,1,Campaign_C,15,464,7,5.69,0,0,0.0151,0,0.81,,0
10/26/25,1,Campaign_D,10,596,4,2,0,0,0.0067,0,0.5,,0
10/26/25,1,Campaign_E,20,1084,6,6.37,0,0,0.0055,0,1.06,,0
10/26/25,1,Campaign_F,25,2490,37,29.15,0,0,0.0149,0,0.79,,0
10/26/25,1,Campaign_G,5,1596,33,17.23,5,132.09,0.0207,0.1515,0.52,0.13,7.666
10/26/25,1,Campaign_H,10,1112,12,16.75,0,0,0.0108,0,1.4,,0
10/26/25,1,Campaign_I,10,690,6,5.41,1,22.53,0.0087,0.1667,0.9,0.24,4.165
10/26/25,1,Campaign_J,10,1616,23,27.27,1,36.32,0.0142,0.0435,1.19,0.751,1.332
10/26/25,2,Campaign_A,20,281,4,3.15,0,0,0.0142,0,0.79,,0
10/26/25,2,Campaign_B,25,1710,8,11.97,0,0,0.0047,0,1.5,,0
10/26/25,2,Campaign_C,15,1980,35,31.32,2,55.11,0.0177,0.0571,0.89,0.568,1.76
10/26/25,2,Campaign_D,10,1948,43,21.62,2,56.25,0.0221,0.0465,0.5,0.384,2.602
10/26/25,2,Campaign_E,20,1369,0,0,0,0,0,0,0,,
10/26/25,2,Campaign_F,25,1057,28,39.94,3,82.02,0.0265,0.1071,1.43,0.487,2.054
10/26/25,2,Campaign_G,5,2329,44,54.27,2,43.9,0.0189,0.0455,1.23,1.236,0.809
10/26/25,2,Campaign_H,10,546,7,10.33,0,0,0.0128,0,1.48,,0
10/26/25,2,Campaign_I,10,148,2,1.89,0,0,0.0135,0,0.94,,0
10/26/25,2,Campaign_J,10,1109,9,4.72,0,0,0.0081,0,0.52,,0
10/26/25,3,Campaign_A,20,2340,46,65.39,1,32.45,0.0197,0.0217,1.42,2.015,0.496
10/26/25,3,Campaign_B,25,1952,0,0,0,0,0,0,0,,
10/26/25,3,Campaign_C,15,1670,33,22.55,1,36.34,0.0198,0.0303,0.68,0.621,1.612
10/26/25,3,Campaign_D,10,2494,49,64.47,0,0,0.0196,0,1.32,,0
10/26/25,3,Campaign_E,20,1738,11,13.66,1,27.96,0.0063,0.0909,1.24,0.489,2.047
10/26/25,3,Campaign_F,25,0,22,26.9,3,67.65,0,0.1364,1.22,0.398,2.515
10/26/25,3,Campaign_G,5,761,16,14.99,0,0,0.021,0,0.94,,0
10/26/25,3,Campaign_H,10,1787,46,24.3,6,151.08,0.0257,0.1304,0.53,0.161,6.217
10/26/25,3,Campaign_I,10,1663,0,0,0,0,0,0,0,,
10/26/25,3,Campaign_J,10,661,6,6.05,0,0,0.0091,0,1.01,,0
10/26/25,4,Campaign_A,20,145,4,2.31,0,0,0.0276,0,0.58,,0
10/26/25,4,Campaign_B,25,574,0,0,0,0,0,0,0,,
10/26/25,4,Campaign_C,15,71,1,1.17,0,0,0.0141,0,1.17,,0
10/26/25,4,Campaign_D,10,2030,47,43.79,4,155.28,0.0232,0.0851,0.93,0.282,3.546
10/26/25,4,Campaign_E,20,458,6,3.98,0,0,0.0131,0,0.66,,0
10/26/25,4,Campaign_F,25,0,1,1.23,0,0,0,0,1.23,,0
10/26/25,4,Campaign_G,5,682,17,22.67,2,58.82,0.0249,0.1176,1.33,0.385,2.595
10/26/25,4,Campaign_H,10,570,5,3.67,0,0,0.0088,0,0.73,,0
10/26/25,4,Campaign_I,10,165,4,2.25,0,0,0.0242,0,0.56,,0
10/26/25,4,Campaign_J,10,98,1,1,0,0,0.0102,0,1,,0
10/26/25,5,Campaign_A,20,2290,40,54.1,4,158.04,0.0175,0.1,1.35,0.342,2.921
10/26/25,5,Campaign_B,25,1215,14,17.73,1,23.51,0.0115,0.0714,1.27,0.754,1.326
10/26/25,5,Campaign_C,15,1703,27,26.97,3,92.3,0.0159,0.1111,1,0.292,3.422
10/26/25,5,Campaign_D,10,668,0,0,0,0,0,0,0,,
10/26/25,5,Campaign_E,20,2006,10,14.97,1,39.1,0.005,0.1,1.5,0.383,2.612
10/26/25,5,Campaign_F,25,2046,49,31.84,3,73.68,0.0239,0.0612,0.65,0.432,2.314
10/26/25,5,Campaign_G,5,1477,12,17.83,0,0,0.0081,0,1.49,,0
10/26/25,5,Campaign_H,10,2058,12,11.04,0,0,0.0058,0,0.92,,0
10/26/25,5,Campaign_I,10,1251,6,4.62,0,0,0.0048,0,0.77,,0
10/26/25,5,Campaign_J,10,1724,33,26.72,2,75.86,0.0191,0.0606,0.81,0.352,2.839
10/26/25,6,Campaign_A,20,1406,32,39.65,0,0,0.0228,0,1.24,,0
10/26/25,6,Campaign_B,25,87,2,2.8,0,0,0.023,0,1.4,,0
10/26/25,6,Campaign_C,15,1501,11,16.1,0,0,0.0073,0,1.46,,0
10/26/25,6,Campaign_D,10,2347,28,38.45,1,33,0.0119,0.0357,1.37,1.165,0.858
10/26/25,6,Campaign_E,20,2036,18,10.99,1,20.71,0.0088,0.0556,0.61,0.531,1.884
10/26/25,6,Campaign_F,25,1892,13,8.86,0,0,0.0069,0,0.68,,0
10/26/25,6,Campaign_G,5,2429,23,24.28,0,0,0.0095,0,1.06,,0
10/26/25,6,Campaign_H,10,258,4,5.89,0,0,0.0155,0,1.47,,0
10/26/25,6,Campaign_I,10,186,0,0,0,0,0,0,0,,
10/26/25,6,Campaign_J,10,2455,29,35.17,2,50.09,0.0118,0.069,1.21,0.702,1.424
10/26/25,7,Campaign_A,20,2104,35,23.2,5,166.14,0.0166,0.1429,0.66,0.14,7.161
10/26/25,7,Campaign_B,25,1478,0,0,0,0,0,0,0,,
10/26/25,7,Campaign_C,15,1539,22,13.09,2,63.08,0.0143,0.0909,0.59,0.208,4.819
10/26/25,7,Campaign_D,10,430,4,4.94,0,0,0.0093,0,1.23,,0
10/26/25,7,Campaign_E,20,1255,18,15.73,0,0,0.0143,0,0.87,,0
10/26/25,7,Campaign_F,25,2028,0,0,0,0,0,0,0,,
10/26/25,7,Campaign_G,5,2345,0,0,0,0,0,0,0,,
10/26/25,7,Campaign_H,10,26,0,0,0,0,0,0,0,,
10/26/25,7,Campaign_I,10,1992,42,43.77,6,173.78,0.0211,0.1429,1.04,0.252,3.97
10/26/25,7,Campaign_J,10,2024,58,40.52,10,253.6,0.0287,0.1724,0.7,0.16,6.259
10/26/25,8,Campaign_A,20,2259,23,13.94,0,0,0.0102,0,0.61,,0
10/26/25,8,Campaign_B,25,2110,17,17.64,0,0,0.0081,0,1.04,,0
10/26/25,8,Campaign_C,15,1694,0,0,0,0,0,0,0,,
10/26/25,8,Campaign_D,10,1216,16,14.69,2,46.19,0.0132,0.125,0.92,0.318,3.144
10/26/25,8,Campaign_E,20,1515,26,25.69,0,0,0.0172,0,0.99,,0
10/26/25,8,Campaign_F,25,820,12,10.73,1,30.23,0.0146,0.0833,0.89,0.355,2.817
10/26/25,8,Campaign_G,5,384,10,11.36,1,26.91,0.026,0.1,1.14,0.422,2.369
10/26/25,8,Campaign_H,10,1945,23,16.59,0,0,0.0118,0,0.72,,0
10/26/25,8,Campaign_I,10,1151,33,47.75,5,135.81,0.0287,0.1515,1.45,0.352,2.844
10/26/25,8,Campaign_J,10,1303,20,20.72,1,21.82,0.0153,0.05,1.04,0.95,1.053
10/26/25,9,Campaign_A,20,2297,23,16.74,1,28.98,0.01,0.0435,0.73,0.578,1.731
10/26/25,9,Campaign_B,25,1907,19,17.74,0,0,0.01,0,0.93,,0
10/26/25,9,Campaign_C,15,263,0,0,0,0,0,0,0,,
10/26/25,9,Campaign_D,10,534,0,0,0,0,0,0,0,,
10/26/25,9,Campaign_E,20,174,3,2.48,0,0,0.0172,0,0.83,,0
10/26/25,9,Campaign_F,25,0,0,0,0,0,0,0,0,,
10/26/25,9,Campaign_G,5,332,9,10.68,1,26.19,0.0271,0.1111,1.19,0.408,2.452
10/26/25,9,Campaign_H,10,550,5,3.82,0,0,0.0091,0,0.76,,0
10/26/25,9,Campaign_I,10,1097,5,7.07,0,0,0.0046,0,1.41,,0
10/26/25,9,Campaign_J,10,2149,23,28.61,0,0,0.0107,0,1.24,,0
10/26/25,10,Campaign_A,20,2411,29,40.28,3,101.49,0.012,0.1034,1.39,0.397,2.52
10/26/25,10,Campaign_B,25,1188,32,38.42,5,183.22,0.0269,0.1562,1.2,0.21,4.769
10/26/25,10,Campaign_C,15,818,12,9.41,0,0,0.0147,0,0.78,,0
10/26/25,10,Campaign_D,10,199,5,3.91,0,0,0.0251,0,0.78,,0
10/26/25,10,Campaign_E,20,1036,20,18.64,0,0,0.0193,0,0.93,,0
10/26/25,10,Campaign_F,25,1138,6,5.88,0,0,0.0053,0,0.98,,0
10/26/25,10,Campaign_G,5,2000,18,13.15,1,29.84,0.009,0.0556,0.73,0.441,2.269
10/26/25,10,Campaign_H,10,558,4,3,0,0,0.0072,0,0.75,,0
10/26/25,10,Campaign_I,10,1620,24,18.32,2,77.91,0.0148,0.0833,0.76,0.235,4.253
10/26/25,10,Campaign_J,10,857,6,5.11,0,0,0.007,0,0.85,,0
10/26/25,11,Campaign_A,20,540,10,12.32,0,0,0.0185,0,1.23,,0
10/26/25,11,Campaign_B,25,863,11,12.4,0,0,0.0127,0,1.13,,0
10/26/25,11,Campaign_C,15,1536,13,10.91,0,0,0.0085,0,0.84,,0
10/26/25,11,Campaign_D,10,2421,53,67.2,0,0,0.0219,0,1.27,,0
10/26/25,11,Campaign_E,20,591,0,0,0,0,0,0,0,,
10/26/25,11,Campaign_F,25,1568,35,37.7,1,39.86,0.0223,0.0286,1.08,0.946,1.057
10/26/25,11,Campaign_G,5,1903,55,50.42,6,221.03,0.0289,0.1091,0.92,0.228,4.384
10/26/25,11,Campaign_H,10,1332,18,18.21,0,0,0.0135,0,1.01,,0
10/26/25,11,Campaign_I,10,372,9,7.19,0,0,0.0242,0,0.8,,0
10/26/25,11,Campaign_J,10,1635,38,35.68,0,0,0.0232,0,0.94,,0
10/26/25,12,Campaign_A,20,1060,19,26.99,3,85.2,0.0179,0.1579,1.42,0.317,3.157
10/26/25,12,Campaign_B,25,1755,13,17.36,1,34.47,0.0074,0.0769,1.34,0.504,1.986
10/26/25,12,Campaign_C,15,839,16,22.67,0,0,0.0191,0,1.42,,0
10/26/25,12,Campaign_D,10,686,5,3.27,0,0,0.0073,0,0.65,,0
10/26/25,12,Campaign_E,20,0,6,4.92,0,0,0,0,0.82,,0
10/26/25,12,Campaign_F,25,1240,0,0,0,0,0,0,0,,
10/26/25,12,Campaign_G,5,417,3,3.3,0,0,0.0072,0,1.1,,0
10/26/25,12,Campaign_H,10,2068,59,75.55,7,227.75,0.0285,0.1186,1.28,0.332,3.015
10/26/25,12,Campaign_I,10,1308,27,33.27,4,97.25,0.0206,0.1481,1.23,0.342,2.923
10/26/25,12,Campaign_J,10,103,0,0,0,0,0,0,0,,
10/26/25,13,Campaign_A,20,0,39,43.49,2,63.77,0,0.0513,1.12,0.682,1.466
10/26/25,13,Campaign_B,25,653,0,0,0,0,0,0,0,,
10/26/25,13,Campaign_C,15,1931,29,20.48,0,0,0.015,0,0.71,,0
10/26/25,13,Campaign_D,10,1203,8,6.51,0,0,0.0067,0,0.81,,0
10/26/25,13,Campaign_E,20,342,4,5.72,0,0,0.0117,0,1.43,,0
10/26/25,13,Campaign_F,25,2390,12,9.87,1,32.18,0.005,0.0833,0.82,0.307,3.26
10/26/25,13,Campaign_G,5,763,7,10.18,1,30.63,0.0092,0.1429,1.45,0.332,3.009
10/26/25,13,Campaign_H,10,2197,0,0,0,0,0,0,0,,
10/26/25,13,Campaign_I,10,2368,35,41.78,4,109.8,0.0148,0.1143,1.19,0.381,2.628
10/26/25,13,Campaign_J,10,2220,52,54.78,0,0,0.0234,0,1.05,,0
10/26/25,14,Campaign_A,20,1613,41,39.3,5,155.87,0.0254,0.122,0.96,0.252,3.966
10/26/25,14,Campaign_B,25,1947,24,35.47,0,0,0.0123,0,1.48,,0
10/26/25,14,Campaign_C,15,1081,0,0,0,0,0,0,0,,
10/26/25,14,Campaign_D,10,2416,38,30.44,3,94.77,0.0157,0.0789,0.8,0.321,3.113
10/26/25,14,Campaign_E,20,1637,46,65.07,0,0,0.0281,0,1.41,,0
10/26/25,14,Campaign_F,25,0,11,12.75,1,29.7,0,0.0909,1.16,0.429,2.329
10/26/25,14,Campaign_G,5,595,4,5.23,0,0,0.0067,0,1.31,,0
10/26/25,14,Campaign_H,10,947,21,20.04,0,0,0.0222,0,0.95,,0
10/26/25,14,Campaign_I,10,908,18,16.74,1,33.28,0.0198,0.0556,0.93,0.503,1.988
10/26/25,14,Campaign_J,10,1049,18,25.7,0,0,0.0172,0,1.43,,0
10/26/25,15,Campaign_A,20,1654,20,24.22,2,77.77,0.0121,0.1,1.21,0.311,3.211
10/26/25,15,Campaign_B,25,703,16,21.19,2,54.59,0.0228,0.125,1.32,0.388,2.576
10/26/25,15,Campaign_C,15,446,12,12.21,1,35.68,0.0269,0.0833,1.02,0.342,2.922
10/26/25,15,Campaign_D,10,2198,13,16.2,1,28.82,0.0059,0.0769,1.25,0.562,1.779
10/26/25,15,Campaign_E,20,1004,8,5.81,0,0,0.008,0,0.73,,0
10/26/25,15,Campaign_F,25,2407,42,24.62,3,94.58,0.0174,0.0714,0.59,0.26,3.842
10/26/25,15,Campaign_G,5,1947,0,0,0,0,0,0,0,,
10/26/25,15,Campaign_H,10,1999,0,0,0,0,0,0,0,,
10/26/25,15,Campaign_I,10,1656,37,38.48,2,59.03,0.0223,0.0541,1.04,0.652,1.534
10/26/25,15,Campaign_J,10,2109,31,23.27,2,75.21,0.0147,0.0645,0.75,0.309,3.232
10/26/25,16,Campaign_A,20,159,2,2.2,0,0,0.0126,0,1.1,,0
10/26/25,16,Campaign_B,25,132,2,2.17,0,0,0.0152,0,1.09,,0
10/26/25,16,Campaign_C,15,1050,21,30.69,2,56.44,0.02,0.0952,1.46,0.544,1.839
10/26/25,16,Campaign_D,10,1469,22,22.96,1,29.92,0.015,0.0455,1.04,0.767,1.303
10/26/25,16,Campaign_E,20,1196,15,12.27,1,22.16,0.0125,0.0667,0.82,0.554,1.806
10/26/25,16,Campaign_F,25,274,3,2.33,0,0,0.0109,0,0.78,,0
10/26/25,16,Campaign_G,5,0,17,9.79,1,24.64,0,0.0588,0.58,0.397,2.517
10/26/25,16,Campaign_H,10,0,0,0,0,0,0,0,0,,
10/26/25,16,Campaign_I,10,1608,0,0,0,0,0,0,0,,
10/26/25,16,Campaign_J,10,1057,17,13.78,2,58.79,0.0161,0.1176,0.81,0.234,4.266
10/26/25,17,Campaign_A,20,521,13,16.1,1,31.41,0.025,0.0769,1.24,0.513,1.951
10/26/25,17,Campaign_B,25,2398,0,0,0,0,0,0,0,,
10/26/25,17,Campaign_C,15,717,0,0,0,0,0,0,0,,
10/26/25,17,Campaign_D,10,1109,27,38.93,0,0,0.0243,0,1.44,,0
10/26/25,17,Campaign_E,20,354,7,6.66,1,32.69,0.0198,0.1429,0.95,0.204,4.908
10/26/25,17,Campaign_F,25,2402,35,33.3,3,86.9,0.0146,0.0857,0.95,0.383,2.61
10/26/25,17,Campaign_G,5,730,17,24.27,2,54.69,0.0233,0.1176,1.43,0.444,2.253
10/26/25,17,Campaign_H,10,133,2,1.83,0,0,0.015,0,0.91,,0
10/26/25,17,Campaign_I,10,2389,53,74.99,5,119.94,0.0222,0.0943,1.41,0.625,1.599
10/26/25,17,Campaign_J,10,1851,38,48.29,2,46.76,0.0205,0.0526,1.27,1.033,0.968
10/26/25,18,Campaign_A,20,359,2,2.37,0,0,0.0056,0,1.19,,0
10/26/25,18,Campaign_B,25,1711,0,0,0,0,0,0,0,,
10/26/25,18,Campaign_C,15,1945,42,24.22,7,230.25,0.0216,0.1667,0.58,0.105,9.507
10/26/25,18,Campaign_D,10,2320,0,0,0,0,0,0,0,,
10/26/25,18,Campaign_E,20,356,0,0,0,0,0,0,0,,
10/26/25,18,Campaign_F,25,35,0,0,0,0,0,0,0,,
10/26/25,18,Campaign_G,5,113,2,2.13,0,0,0.0177,0,1.07,,0
10/26/25,18,Campaign_H,10,0,0,0,0,0,0,0,0,,
10/26/25,18,Campaign_I,10,1440,25,31.2,0,0,0.0174,0,1.25,,0
10/26/25,18,Campaign_J,10,281,4,3.07,0,0,0.0142,0,0.77,,0
10/26/25,19,Campaign_A,20,809,0,0,0,0,0,0,0,,
10/26/25,19,Campaign_B,25,1360,39,43.53,6,175.48,0.0287,0.1538,1.12,0.248,4.031
10/26/25,19,Campaign_C,15,1141,32,26.81,4,141.26,0.028,0.125,0.84,0.19,5.269
10/26/25,19,Campaign_D,10,1882,43,48.71,3,87.66,0.0228,0.0698,1.13,0.556,1.8
10/26/25,19,Campaign_E,20,2012,54,40.56,8,211.95,0.0268,0.1481,0.75,0.191,5.226
10/26/25,19,Campaign_F,25,245,0,0,0,0,0,0,0,,
10/26/25,19,Campaign_G,5,1881,13,8.61,1,30.4,0.0069,0.0769,0.66,0.283,3.531
10/26/25,19,Campaign_H,10,1746,32,18.22,4,99.62,0.0183,0.125,0.57,0.183,5.468
10/26/25,19,Campaign_I,10,2153,42,23.1,1,24.93,0.0195,0.0238,0.55,0.927,1.079
10/26/25,19,Campaign_J,10,0,0,0,0,0,0,0,0,,
10/26/25,20,Campaign_A,20,114,1,1.03,0,0,0.0088,0,1.03,,0
10/26/25,20,Campaign_B,25,1673,0,0,0,0,0,0,0,,
10/26/25,20,Campaign_C,15,1886,20,10.16,0,0,0.0106,0,0.51,,0
10/26/25,20,Campaign_D,10,1904,15,10.21,0,0,0.0079,0,0.68,,0
10/26/25,20,Campaign_E,20,2397,25,25.21,0,0,0.0104,0,1.01,,0
10/26/25,20,Campaign_F,25,1043,0,0,0,0,0,0,0,,
10/26/25,20,Campaign_G,5,1500,31,41.36,0,0,0.0207,0,1.33,,0
10/26/25,20,Campaign_H,10,1990,40,21.21,4,124.7,0.0201,0.1,0.53,0.17,5.879
10/26/25,20,Campaign_I,10,1299,33,39.64,2,51.85,0.0254,0.0606,1.2,0.765,1.308
10/26/25,20,Campaign_J,10,1828,40,38.25,5,106.95,0.0219,0.125,0.96,0.358,2.796
10/26/25,21,Campaign_A,20,2429,0,0,0,0,0,0,0,,
10/26/25,21,Campaign_B,25,2201,18,24.98,1,27.1,0.0082,0.0556,1.39,0.922,1.085
10/26/25,21,Campaign_C,15,252,2,2.33,0,0,0.0079,0,1.16,,0
10/26/25,21,Campaign_D,10,960,15,18.23,1,36.71,0.0156,0.0667,1.22,0.497,2.014
10/26/25,21,Campaign_E,20,15,0,0,0,0,0,0,0,,
10/26/25,21,Campaign_F,25,1253,24,13.87,3,100.26,0.0192,0.125,0.58,0.138,7.229
10/26/25,21,Campaign_G,5,475,9,10.11,0,0,0.0189,0,1.12,,0
10/26/25,21,Campaign_H,10,1222,19,15.13,1,36.64,0.0155,0.0526,0.8,0.413,2.422
10/26/25,21,Campaign_I,10,1789,29,42.22,3,104.16,0.0162,0.1034,1.46,0.405,2.467
10/26/25,21,Campaign_J,10,11,0,0,0,0,0,0,0,,
10/26/25,22,Campaign_A,20,2125,42,43.87,1,33.96,0.0198,0.0238,1.04,1.292,0.774
10/26/25,22,Campaign_B,25,2256,23,17.85,1,29.81,0.0102,0.0435,0.78,0.599,1.67
10/26/25,22,Campaign_C,15,558,15,14.41,0,0,0.0269,0,0.96,,0
10/26/25,22,Campaign_D,10,1592,36,26.19,1,32.08,0.0226,0.0278,0.73,0.816,1.225
10/26/25,22,Campaign_E,20,589,0,0,0,0,0,0,0,,
10/26/25,22,Campaign_F,25,1187,16,13.35,0,0,0.0135,0,0.83,,0
10/26/25,22,Campaign_G,5,1109,18,21.67,1,38.65,0.0162,0.0556,1.2,0.561,1.784
10/26/25,22,Campaign_H,10,516,0,0,0,0,0,0,0,,
10/26/25,22,Campaign_I,10,132,3,3.25,0,0,0.0227,0,1.08,,0
10/26/25,22,Campaign_J,10,1497,30,39.74,1,21.23,0.02,0.0333,1.32,1.872,0.534
10/26/25,23,Campaign_A,20,683,9,11.19,0,0,0.0132,0,1.24,,0
10/26/25,23,Campaign_B,25,2233,64,32.91,0,0,0.0287,0,0.51,,0
10/26/25,23,Campaign_C,15,1595,15,19.37,0,0,0.0094,0,1.29,,0
10/26/25,23,Campaign_D,10,848,19,10.72,0,0,0.0224,0,0.56,,0
10/26/25,23,Campaign_E,20,618,0,0,0,0,0,0,0,,
10/26/25,23,Campaign_F,25,1313,22,11.5,1,37.18,0.0168,0.0455,0.52,0.309,3.233
10/26/25,23,Campaign_G,5,1068,11,16.31,1,38.77,0.0103,0.0909,1.48,0.421,2.377
10/26/25,23,Campaign_H,10,632,17,16.51,1,31.25,0.0269,0.0588,0.97,0.528,1.893
10/26/25,23,Campaign_I,10,0,15,13.28,0,0,0,0,0.89,,0
10/26/25,23,Campaign_J,10,1345,10,6.99,0,0,0.0074,0,0.7,,0
10/27/25,0,Campaign_A,20,2225,55,32.64,2,56.65,0.0247,0.0364,0.59,0.576,1.736
10/27/25,0,Campaign_B,25,34,0,0,0,0,0,0,0,,
10/27/25,0,Campaign_C,15,2123,23,24.44,1,32.83,0.0108,0.0435,1.06,0.744,1.343
10/27/25,0,Campaign_D,10,1857,21,18.04,1,21.13,0.0113,0.0476,0.86,0.854,1.171
10/27/25,0,Campaign_E,20,43,0,0,0,0,0,0,0,,
10/27/25,0,Campaign_F,25,453,10,8.98,1,21.38,0.0221,0.1,0.9,0.42,2.381
10/27/25,0,Campaign_G,5,1094,18,10.34,0,0,0.0165,0,0.57,,0
10/27/25,0,Campaign_H,10,973,0,0,0,0,0,0,0,,
10/27/25,0,Campaign_I,10,546,8,7.42,0,0,0.0147,0,0.93,,0
10/27/25,0,Campaign_J,10,746,11,11.07,1,30.04,0.0147,0.0909,1.01,0.369,2.714
10/27/25,1,Campaign_A,20,1487,7,7.38,0,0,0.0047,0,1.05,,0
10/27/25,1,Campaign_B,25,912,10,9.99,0,0,0.011,0,1,,0
10/27/25,1,Campaign_C,15,394,0,0,0,0,0,0,0,,
10/27/25,1,Campaign_D,10,2031,0,0,0,0,0,0,0,,
10/27/25,1,Campaign_E,20,1623,30,28.73,4,105.09,0.0185,0.1333,0.96,0.273,3.658
10/27/25,1,Campaign_F,25,1764,41,21.25,5,100.93,0.0232,0.122,0.52,0.211,4.75
10/27/25,1,Campaign_G,5,1227,32,38.01,2,41.44,0.0261,0.0625,1.19,0.917,1.09
10/27/25,1,Campaign_H,10,331,0,0,0,0,0,0,0,,
10/27/25,1,Campaign_I,10,2498,26,38.78,0,0,0.0104,0,1.49,,0
10/27/25,1,Campaign_J,10,1224,6,7.39,0,0,0.0049,0,1.23,,0
10/27/25,2,Campaign_A,20,915,10,7.71,0,0,0.0109,0,0.77,,0
10/27/25,2,Campaign_B,25,1170,21,11.23,0,0,0.0179,0,0.53,,0
10/27/25,2,Campaign_C,15,392,8,10.15,0,0,0.0204,0,1.27,,0
10/27/25,2,Campaign_D,10,1050,0,0,0,0,0,0,0,,
10/27/25,2,Campaign_E,20,1363,0,0,0,0,0,0,0,,
10/27/25,2,Campaign_F,25,1565,35,28.96,0,0,0.0224,0,0.83,,0
10/27/25,2,Campaign_G,5,1869,45,36.24,3,75.39,0.0241,0.0667,0.81,0.481,2.08
10/27/25,2,Campaign_H,10,1521,0,0,0,0,0,0,0,,
10/27/25,2,Campaign_I,10,1607,11,13.91,0,0,0.0068,0,1.26,,0
10/27/25,2,Campaign_J,10,89,1,1.25,0,0,0.0112,0,1.25,,0
10/27/25,3,Campaign_A,20,1465,26,23.64,1,39.91,0.0177,0.0385,0.91,0.592,1.688
10/27/25,3,Campaign_B,25,611,3,3.69,0,0,0.0049,0,1.23,,0
10/27/25,3,Campaign_C,15,1641,0,0,0,0,0,0,0,,
10/27/25,3,Campaign_D,10,1896,26,29.79,0,0,0.0137,0,1.15,,0
10/27/25,3,Campaign_E,20,1070,30,25.08,0,0,0.028,0,0.84,,0
10/27/25,3,Campaign_F,25,2020,52,67.91,1,28.56,0.0257,0.0192,1.31,2.378,0.421
10/27/25,3,Campaign_G,5,1543,9,6.35,1,23.44,0.0058,0.1111,0.71,0.271,3.691
10/27/25,3,Campaign_H,10,2043,0,0,0,0,0,0,0,,
10/27/25,3,Campaign_I,10,1824,42,44.63,2,68.57,0.023,0.0476,1.06,0.651,1.536
10/27/25,3,Campaign_J,10,2188,59,46.96,2,72.47,0.027,0.0339,0.8,0.648,1.543
10/27/25,4,Campaign_A,20,2331,55,59.03,8,278.84,0.0236,0.1455,1.07,0.212,4.724
10/27/25,4,Campaign_B,25,1198,20,16.87,3,97.83,0.0167,0.15,0.84,0.172,5.799
10/27/25,4,Campaign_C,15,829,4,2.39,0,0,0.0048,0,0.6,,0
10/27/25,4,Campaign_D,10,107,0,0,0,0,0,0,0,,
10/27/25,4,Campaign_E,20,2252,60,61.91,0,0,0.0266,0,1.03,,0
10/27/25,4,Campaign_F,25,2401,72,95.27,0,0,0.03,0,1.32,,0
10/27/25,4,Campaign_G,5,1745,8,7.78,1,34.98,0.0046,0.125,0.97,0.222,4.496
10/27/25,4,Campaign_H,10,1360,0,0,0,0,0,0,0,,
10/27/25,4,Campaign_I,10,2316,28,21.55,2,60.5,0.0121,0.0714,0.77,0.356,2.807
10/27/25,4,Campaign_J,10,1433,26,24.51,3,108.1,0.0181,0.1154,0.94,0.227,4.41
10/27/25,5,Campaign_A,20,2344,25,24.61,2,62.62,0.0107,0.08,0.98,0.393,2.544
10/27/25,5,Campaign_B,25,1516,30,25.1,4,154.6,0.0198,0.1333,0.84,0.162,6.159
10/27/25,5,Campaign_C,15,2246,21,30.46,1,32.07,0.0093,0.0476,1.45,0.95,1.053
10/27/25,5,Campaign_D,10,347,5,3.6,0,0,0.0144,0,0.72,,0
10/27/25,5,Campaign_E,20,1126,18,23.74,0,0,0.016,0,1.32,,0
10/27/25,5,Campaign_F,25,2000,17,12.75,2,47.2,0.0085,0.1176,0.75,0.27,3.702
10/27/25,5,Campaign_G,5,1037,24,34.54,0,0,0.0231,0,1.44,,0
10/27/25,5,Campaign_H,10,0,23,25.87,2,57.17,0,0.087,1.12,0.453,2.21
10/27/25,5,Campaign_I,10,0,13,18.32,0,0,0,0,1.41,,0
10/27/25,5,Campaign_J,10,289,1,1.08,0,0,0.0035,0,1.08,,0
10/27/25,6,Campaign_A,20,831,16,11.33,2,74.67,0.0193,0.125,0.71,0.152,6.59
10/27/25,6,Campaign_B,25,2236,0,0,0,0,0,0,0,,
10/27/25,6,Campaign_C,15,1886,45,22.54,8,289.59,0.0239,0.1778,0.5,0.078,12.848
10/27/25,6,Campaign_D,10,2226,61,59.6,8,244.28,0.0274,0.1311,0.98,0.244,4.099
10/27/25,6,Campaign_E,20,1880,0,0,0,0,0,0,0,,
10/27/25,6,Campaign_F,25,1676,18,25.2,3,71.53,0.0107,0.1667,1.4,0.352,2.838
10/27/25,6,Campaign_G,5,2061,0,0,0,0,0,0,0,,
10/27/25,6,Campaign_H,10,794,15,7.82,2,70.68,0.0189,0.1333,0.52,0.111,9.038
10/27/25,6,Campaign_I,10,901,20,14.54,1,27.44,0.0222,0.05,0.73,0.53,1.887
10/27/25,6,Campaign_J,10,1992,58,44.4,4,122.58,0.0291,0.069,0.77,0.362,2.761
10/27/25,7,Campaign_A,20,1351,39,28.18,4,105.57,0.0289,0.1026,0.72,0.267,3.746
10/27/25,7,Campaign_B,25,557,0,0,0,0,0,0,0,,
10/27/25,7,Campaign_C,15,1656,12,13.35,0,0,0.0072,0,1.11,,0
10/27/25,7,Campaign_D,10,1447,7,8,0,0,0.0048,0,1.14,,0
10/27/25,7,Campaign_E,20,0,4,4.58,0,0,0,0,1.15,,0
10/27/25,7,Campaign_F,25,0,0,0,0,0,0,0,0,,
10/27/25,7,Campaign_G,5,925,23,18.57,3,112.07,0.0249,0.1304,0.81,0.166,6.035
10/27/25,7,Campaign_H,10,908,18,18.35,1,37.77,0.0198,0.0556,1.02,0.486,2.058
10/27/25,7,Campaign_I,10,1806,30,31.16,2,57.37,0.0166,0.0667,1.04,0.543,1.841
10/27/25,7,Campaign_J,10,2248,58,56.51,9,202.61,0.0258,0.1552,0.97,0.279,3.585
10/27/25,8,Campaign_A,20,1075,16,15.39,0,0,0.0149,0,0.96,,0
10/27/25,8,Campaign_B,25,1992,35,19.77,3,97.6,0.0176,0.0857,0.56,0.203,4.937
10/27/25,8,Campaign_C,15,1985,43,37.67,4,147.93,0.0217,0.093,0.88,0.255,3.927
10/27/25,8,Campaign_D,10,2083,11,5.74,1,21.72,0.0053,0.0909,0.52,0.264,3.784
10/27/25,8,Campaign_E,20,1876,52,36.48,5,117.21,0.0277,0.0962,0.7,0.311,3.213
10/27/25,8,Campaign_F,25,1395,36,44.02,5,147.81,0.0258,0.1389,1.22,0.298,3.358
10/27/25,8,Campaign_G,5,1459,42,44.96,6,194.7,0.0288,0.1429,1.07,0.231,4.331
10/27/25,8,Campaign_H,10,1875,0,0,0,0,0,0,0,,
10/27/25,8,Campaign_I,10,1154,12,13.57,1,32.14,0.0104,0.0833,1.13,0.422,2.368
10/27/25,8,Campaign_J,10,2227,32,30.46,1,26.94,0.0144,0.0312,0.95,1.131,0.884
10/27/25,9,Campaign_A,20,2112,11,11.07,1,30.2,0.0052,0.0909,1.01,0.367,2.728
10/27/25,9,Campaign_B,25,2312,20,10.4,1,20.81,0.0087,0.05,0.52,0.5,2.001
10/27/25,9,Campaign_C,15,1385,38,52.99,0,0,0.0274,0,1.39,,0
10/27/25,9,Campaign_D,10,758,5,5.85,0,0,0.0066,0,1.17,,0
10/27/25,9,Campaign_E,20,702,0,0,0,0,0,0,0,,
10/27/25,9,Campaign_F,25,2010,31,44.09,3,109.81,0.0154,0.0968,1.42,0.402,2.491
10/27/25,9,Campaign_G,5,347,6,7.49,1,34.26,0.0173,0.1667,1.25,0.219,4.574
10/27/25,9,Campaign_H,10,669,0,0,0,0,0,0,0,,
10/27/25,9,Campaign_I,10,1356,26,33.35,1,25.02,0.0192,0.0385,1.28,1.333,0.75
10/27/25,9,Campaign_J,10,2318,64,95.87,8,305.29,0.0276,0.125,1.5,0.314,3.184
10/27/25,10,Campaign_A,20,350,9,7.03,0,0,0.0257,0,0.78,,0
10/27/25,10,Campaign_B,25,1761,0,0,0,0,0,0,0,,
10/27/25,10,Campaign_C,15,48,0,0,0,0,0,0,0,,
10/27/25,10,Campaign_D,10,358,2,2.1,0,0,0.0056,0,1.05,,0
10/27/25,10,Campaign_E,20,2333,52,39,4,148.71,0.0223,0.0769,0.75,0.262,3.813
10/27/25,10,Campaign_F,25,1957,45,59.83,7,171.8,0.023,0.1556,1.33,0.348,2.871
10/27/25,10,Campaign_G,5,71,1,1.19,0,0,0.0141,0,1.19,,0
10/27/25,10,Campaign_H,10,507,6,7.62,0,0,0.0118,0,1.27,,0
10/27/25,10,Campaign_I,10,774,20,27.35,0,0,0.0258,0,1.37,,0
10/27/25,10,Campaign_J,10,440,6,3.75,0,0,0.0136,0,0.62,,0
10/27/25,11,Campaign_A,20,1643,49,49.64,7,250.4,0.0298,0.1429,1.01,0.198,5.044
10/27/25,11,Campaign_B,25,1545,17,11.8,0,0,0.011,0,0.69,,0
10/27/25,11,Campaign_C,15,1236,33,34.38,3,63.07,0.0267,0.0909,1.04,0.545,1.834
10/27/25,11,Campaign_D,10,168,2,1.57,0,0,0.0119,0,0.79,,0
10/27/25,11,Campaign_E,20,842,7,7.77,0,0,0.0083,0,1.11,,0
10/27/25,11,Campaign_F,25,174,3,2.39,0,0,0.0172,0,0.8,,0
10/27/25,11,Campaign_G,5,897,13,13.47,1,34.91,0.0145,0.0769,1.04,0.386,2.592
10/27/25,11,Campaign_H,10,1061,14,12.27,2,79.97,0.0132,0.1429,0.88,0.153,6.518
10/27/25,11,Campaign_I,10,778,23,20.44,1,36.46,0.0296,0.0435,0.89,0.561,1.784
10/27/25,11,Campaign_J,10,633,15,11.5,1,33.54,0.0237,0.0667,0.77,0.343,2.917
10/27/25,12,Campaign_A,20,1169,23,19.03,1,22.9,0.0197,0.0435,0.83,0.831,1.203
10/27/25,12,Campaign_B,25,936,8,4.16,0,0,0.0085,0,0.52,,0
10/27/25,12,Campaign_C,15,2215,20,17.21,2,62.88,0.009,0.1,0.86,0.274,3.654
10/27/25,12,Campaign_D,10,2222,57,54.82,4,119.9,0.0257,0.0702,0.96,0.457,2.187
10/27/25,12,Campaign_E,20,2479,34,43.16,1,36.98,0.0137,0.0294,1.27,1.167,0.857
10/27/25,12,Campaign_F,25,2233,57,36.55,0,0,0.0255,0,0.64,,0
10/27/25,12,Campaign_G,5,2416,0,0,0,0,0,0,0,,
10/27/25,12,Campaign_H,10,1529,27,14.45,0,0,0.0177,0,0.54,,0
10/27/25,12,Campaign_I,10,754,5,6.33,0,0,0.0066,0,1.27,,0
10/27/25,12,Campaign_J,10,2231,25,29.96,1,26.45,0.0112,0.04,1.2,1.133,0.883
10/27/25,13,Campaign_A,20,2056,38,39.3,6,171.87,0.0185,0.1579,1.03,0.229,4.373
10/27/25,13,Campaign_B,25,1855,47,57.06,1,31.48,0.0253,0.0213,1.21,1.813,0.552
10/27/25,13,Campaign_C,15,1383,0,0,0,0,0,0,0,,
10/27/25,13,Campaign_D,10,1467,0,0,0,0,0,0,0,,
10/27/25,13,Campaign_E,20,886,0,0,0,0,0,0,0,,
10/27/25,13,Campaign_F,25,2432,31,30.83,2,61.74,0.0127,0.0645,0.99,0.499,2.003
10/27/25,13,Campaign_G,5,914,17,17.17,0,0,0.0186,0,1.01,,0
10/27/25,13,Campaign_H,10,800,10,14.58,0,0,0.0125,0,1.46,,0
10/27/25,13,Campaign_I,10,981,6,5.6,0,0,0.0061,0,0.93,,0
10/27/25,13,Campaign_J,10,1165,19,14.66,2,74.25,0.0163,0.1053,0.77,0.197,5.065
10/27/25,14,Campaign_A,20,2245,57,55.42,6,158.61,0.0254,0.1053,0.97,0.349,2.862
10/27/25,14,Campaign_B,25,1488,19,18.66,2,65.58,0.0128,0.1053,0.98,0.285,3.514
10/27/25,14,Campaign_C,15,2490,33,18.37,2,77.95,0.0133,0.0606,0.56,0.236,4.243
10/27/25,14,Campaign_D,10,704,19,21.83,2,74.75,0.027,0.1053,1.15,0.292,3.424
10/27/25,14,Campaign_E,20,1436,39,42.67,3,72.73,0.0272,0.0769,1.09,0.587,1.704
10/27/25,14,Campaign_F,25,2419,20,15.81,3,117.74,0.0083,0.15,0.79,0.134,7.447
10/27/25,14,Campaign_G,5,1529,19,18.79,2,56.21,0.0124,0.1053,0.99,0.334,2.991
10/27/25,14,Campaign_H,10,1732,38,54.42,5,116.79,0.0219,0.1316,1.43,0.466,2.146
10/27/25,14,Campaign_I,10,817,22,15.72,0,0,0.0269,0,0.71,,0
10/27/25,14,Campaign_J,10,552,9,8.03,0,0,0.0163,0,0.89,,0
10/27/25,15,Campaign_A,20,1380,27,20.92,4,137.18,0.0196,0.1481,0.77,0.153,6.557
10/27/25,15,Campaign_B,25,2064,55,35.16,0,0,0.0266,0,0.64,,0
10/27/25,15,Campaign_C,15,1271,8,6.05,0,0,0.0063,0,0.76,,0
10/27/25,15,Campaign_D,10,91,2,1.57,0,0,0.022,0,0.79,,0
10/27/25,15,Campaign_E,20,1365,0,0,0,0,0,0,0,,
10/27/25,15,Campaign_F,25,775,5,6.13,0,0,0.0065,0,1.23,,0
10/27/25,15,Campaign_G,5,1729,18,10.29,0,0,0.0104,0,0.57,,0
10/27/25,15,Campaign_H,10,1846,42,39.61,0,0,0.0228,0,0.94,,0
10/27/25,15,Campaign_I,10,1734,11,9.09,0,0,0.0063,0,0.83,,0
10/27/25,15,Campaign_J,10,2022,24,35.34,0,0,0.0119,0,1.47,,0
10/27/25,16,Campaign_A,20,1763,34,28.19,0,0,0.0193,0,0.83,,0
10/27/25,16,Campaign_B,25,2263,33,22.34,2,74.09,0.0146,0.0606,0.68,0.302,3.316
10/27/25,16,Campaign_C,15,1430,28,35.73,1,23.9,0.0196,0.0357,1.28,1.495,0.669
10/27/25,16,Campaign_D,10,1725,0,0,0,0,0,0,0,,
10/27/25,16,Campaign_E,20,311,5,6.84,0,0,0.0161,0,1.37,,0
10/27/25,16,Campaign_F,25,201,3,3.44,0,0,0.0149,0,1.15,,0
10/27/25,16,Campaign_G,5,1773,0,0,0,0,0,0,0,,
10/27/25,16,Campaign_H,10,212,3,3.89,0,0,0.0142,0,1.3,,0
10/27/25,16,Campaign_I,10,153,1,1.27,0,0,0.0065,0,1.27,,0
10/27/25,16,Campaign_J,10,610,0,0,0,0,0,0,0,,
10/27/25,17,Campaign_A,20,271,2,1.62,0,0,0.0074,0,0.81,,0
10/27/25,17,Campaign_B,25,505,0,0,0,0,0,0,0,,
10/27/25,17,Campaign_C,15,2204,54,34.06,0,0,0.0245,0,0.63,,0
10/27/25,17,Campaign_D,10,317,0,0,0,0,0,0,0,,
10/27/25,17,Campaign_E,20,405,5,7.21,0,0,0.0123,0,1.44,,0
10/27/25,17,Campaign_F,25,1643,20,16.42,1,25.09,0.0122,0.05,0.82,0.654,1.528
10/27/25,17,Campaign_G,5,607,16,14.88,0,0,0.0264,0,0.93,,0
10/27/25,17,Campaign_H,10,121,3,2.53,0,0,0.0248,0,0.84,,0
10/27/25,17,Campaign_I,10,1573,28,24.17,2,78.66,0.0178,0.0714,0.86,0.307,3.254
10/27/25,17,Campaign_J,10,1774,34,18.31,5,152.27,0.0192,0.1471,0.54,0.12,8.316
10/27/25,18,Campaign_A,20,1732,14,19.45,0,0,0.0081,0,1.39,,0
10/27/25,18,Campaign_B,25,1549,31,32.76,1,36.28,0.02,0.0323,1.06,0.903,1.107
10/27/25,18,Campaign_C,15,1301,37,37.24,0,0,0.0284,0,1.01,,0
10/27/25,18,Campaign_D,10,1016,10,13.46,1,39.99,0.0098,0.1,1.35,0.337,2.971
10/27/25,18,Campaign_E,20,1867,44,58.68,7,151.4,0.0236,0.1591,1.33,0.388,2.58
10/27/25,18,Campaign_F,25,604,11,12.02,1,24.69,0.0182,0.0909,1.09,0.487,2.054
10/27/25,18,Campaign_G,5,2188,15,20.02,1,23.06,0.0069,0.0667,1.33,0.868,1.152
10/27/25,18,Campaign_H,10,2377,0,0,0,0,0,0,0,,
10/27/25,18,Campaign_I,10,2126,41,45.46,4,113.16,0.0193,0.0976,1.11,0.402,2.489
10/27/25,18,Campaign_J,10,356,3,3.92,0,0,0.0084,0,1.31,,0
10/27/25,19,Campaign_A,20,1361,0,0,0,0,0,0,0,,
10/27/25,19,Campaign_B,25,1806,41,21.54,2,73.38,0.0227,0.0488,0.53,0.294,3.407
10/27/25,19,Campaign_C,15,1129,28,14.9,3,85.25,0.0248,0.1071,0.53,0.175,5.721
10/27/25,19,Campaign_D,10,92,0,0,0,0,0,0,0,,
10/27/25,19,Campaign_E,20,1571,8,6.49,0,0,0.0051,0,0.81,,0
10/27/25,19,Campaign_F,25,1530,43,28.88,2,43.23,0.0281,0.0465,0.67,0.668,1.497
10/27/25,19,Campaign_G,5,330,9,8.17,1,27.9,0.0273,0.1111,0.91,0.293,3.415
10/27/25,19,Campaign_H,10,1473,20,12.99,2,47.78,0.0136,0.1,0.65,0.272,3.678
10/27/25,19,Campaign_I,10,533,8,4.02,1,26.34,0.015,0.125,0.5,0.153,6.552
10/27/25,19,Campaign_J,10,2381,45,62.04,3,72.83,0.0189,0.0667,1.38,0.852,1.174
10/27/25,20,Campaign_A,20,1283,10,13.01,0,0,0.0078,0,1.3,,0
10/27/25,20,Campaign_B,25,2055,53,45.55,7,176,0.0258,0.1321,0.86,0.259,3.864
10/27/25,20,Campaign_C,15,210,5,3.61,0,0,0.0238,0,0.72,,0
10/27/25,20,Campaign_D,10,61,1,1.18,0,0,0.0164,0,1.18,,0
10/27/25,20,Campaign_E,20,1277,27,39.23,0,0,0.0211,0,1.45,,0
10/27/25,20,Campaign_F,25,2299,0,0,0,0,0,0,0,,
10/27/25,20,Campaign_G,5,1080,7,4.84,0,0,0.0065,0,0.69,,0
10/27/25,20,Campaign_H,10,683,0,0,0,0,0,0,0,,
10/27/25,20,Campaign_I,10,1821,20,21.49,3,102.74,0.011,0.15,1.07,0.209,4.781
10/27/25,20,Campaign_J,10,806,0,0,0,0,0,0,0,,
10/27/25,21,Campaign_A,20,2382,21,21.83,1,31.91,0.0088,0.0476,1.04,0.684,1.462
10/27/25,21,Campaign_B,25,1405,28,34.09,1,37.22,0.0199,0.0357,1.22,0.916,1.092
10/27/25,21,Campaign_C,15,1813,11,6.4,0,0,0.0061,0,0.58,,0
10/27/25,21,Campaign_D,10,0,36,28.81,3,76.43,0,0.0833,0.8,0.377,2.653
10/27/25,21,Campaign_E,20,1693,0,0,0,0,0,0,0,,
10/27/25,21,Campaign_F,25,1230,17,15.16,1,29.01,0.0138,0.0588,0.89,0.523,1.914
10/27/25,21,Campaign_G,5,2151,47,45.62,5,195.8,0.0219,0.1064,0.97,0.233,4.292
10/27/25,21,Campaign_H,10,7,0,0,0,0,0,0,0,,
10/27/25,21,Campaign_I,10,911,24,29.62,0,0,0.0263,0,1.23,,0
10/27/25,21,Campaign_J,10,578,0,0,0,0,0,0,0,,
10/27/25,22,Campaign_A,20,0,41,38.28,6,231.39,0,0.1463,0.93,0.165,6.045
10/27/25,22,Campaign_B,25,1887,53,77.2,6,124.17,0.0281,0.1132,1.46,0.622,1.608
10/27/25,22,Campaign_C,15,2429,51,51.43,8,278.79,0.021,0.1569,1.01,0.184,5.421
10/27/25,22,Campaign_D,10,425,9,7.29,1,39.72,0.0212,0.1111,0.81,0.184,5.449
10/27/25,22,Campaign_E,20,837,23,11.97,2,53.87,0.0275,0.087,0.52,0.222,4.5
10/27/25,22,Campaign_F,25,2069,50,61.98,3,97.28,0.0242,0.06,1.24,0.637,1.57
10/27/25,22,Campaign_G,5,452,12,14.07,0,0,0.0265,0,1.17,,0
10/27/25,22,Campaign_H,10,1225,16,11.34,0,0,0.0131,0,0.71,,0
10/27/25,22,Campaign_I,10,343,3,3.28,0,0,0.0087,0,1.09,,0
10/27/25,22,Campaign_J,10,2248,12,15.55,1,39.8,0.0053,0.0833,1.3,0.391,2.559
10/27/25,23,Campaign_A,20,366,6,7.47,0,0,0.0164,0,1.24,,0
10/27/25,23,Campaign_B,25,903,7,5.79,1,24.54,0.0078,0.1429,0.83,0.236,4.238
10/27/25,23,Campaign_C,15,1996,50,25.4,3,67.19,0.0251,0.06,0.51,0.378,2.645
10/27/25,23,Campaign_D,10,411,0,0,0,0,0,0,0,,
10/27/25,23,Campaign_E,20,2038,12,11.19,1,28.83,0.0059,0.0833,0.93,0.388,2.576
10/27/25,23,Campaign_F,25,1212,18,16.44,2,77.71,0.0149,0.1111,0.91,0.212,4.727
10/27/25,23,Campaign_G,5,1801,22,23.28,0,0,0.0122,0,1.06,,0
10/27/25,23,Campaign_H,10,868,15,11.69,2,46.84,0.0173,0.1333,0.78,0.25,4.007
10/27/25,23,Campaign_I,10,2258,49,71.68,4,127.65,0.0217,0.0816,1.46,0.562,1.781
10/27/25,23,Campaign_J,10,1738,39,32.31,1,27.54,0.0224,0.0256,0.83,1.173,0.852